Player,Team,Span,Mat,Inns,Balls,Overs,Mdns,Runs,Wkts,BBI,Ave,Econ,SR,4,5
Abhishek Das,Bengal,2011-2015,14,1,6,0.1,0,8,0,0/8,,48.00,,0.0,0.0
Abhishek Jagan,Puducherry,2021-2022,5,3,42,7.0,0,51,2,1/11,25.50,7.28,21.0,0.0,0.0
Abhishek Raman,Bengal,2018-2022,21,1,6,1.0,0,10,0,0/10,,10.00,,0.0,0.0
Aditya Garhwal,Rajasthan,2015-2022,28,4,24,4.0,0,31,1,1/6,31.00,7.75,24.0,0.0,0.0
Aditya Sarwate,Vidarbha,2015-2023,38,36,758,126.2,2,889,28,3/18,31.75,7.04,27.0,0.0,0.0
Aditya Singh,Railways,2010-2015,11,7,60,10.0,0,78,4,2/15,19.50,7.80,15.0,0.0,0.0
Agnivesh Ayachi,Chhattisgarh,2018-2022,15,14,271,45.1,0,388,14,3/21,27.71,8.59,19.3,0.0,0.0
Ahmad Banday,Jammu & Kashmir,2018-2022,17,1,6,1.0,0,7,0,0/7,,7.00,,0.0,0.0
Akash Kumar,Nagaland,2021-2022,5,5,96,16.0,0,121,5,2/21,24.20,7.56,19.2,0.0,0.0
Akash Madhwal,Uttarakhand,2019-2023,22,22,463,77.1,1,588,25,4/25,23.52,7.62,18.5,1.0,0.0
Akash Pandey,Railways,2021-2023,13,13,270,45.0,1,299,11,3/21,27.18,6.64,24.5,0.0,0.0
Akshay Chandran,Kerala,2015-2023,28,25,488,81.2,1,541,21,3/18,25.76,6.65,23.2,0.0,0.0
Akshay Karnewar,Vidarbha,2016-2023,59,59,1268,211.2,8,1381,47,4/5,29.38,6.54,26.9,1.0,0.0
Akshay Singh,Bihar,2019-2023,18,18,374,62.2,2,488,19,3/18,25.68,7.83,19.6,0.0,0.0
Aamir Aziz,Jammu & Kashmir,2018-2023,21,20,388,64.4,0,488,21,3/18,23.23,7.55,18.4,0.0,0.0
Amandeep Khare,Chhattisgarh,2015-2023,41,11,78,13.0,0,99,4,2/15,24.75,7.61,19.5,0.0,0.0
Amandeep Singh,Services,2013-2018,18,17,311,51.5,0,388,14,3/21,27.71,7.49,22.2,0.0,0.0
Amit Ali,Tripura,2018-2022,17,16,288,48.0,0,341,12,2/18,28.41,7.10,24.0,0.0,0.0
Amit Kuila,Bengal,2016-2017,8,8,151,25.1,0,188,8,2/21,23.50,7.47,18.8,0.0,0.0
Amrit Kumar,Bihar,2018-2021,11,10,188,31.2,0,241,9,2/18,26.77,7.70,20.8,0.0,0.0
Amulya Pandrekar,Goa,2011-2018,28,27,541,90.1,1,664,23,3/18,28.86,7.36,23.5,0.0,0.0
Anand K,Puducherry,2021-2022,5,5,96,16.0,0,121,5,2/21,24.20,7.56,19.2,0.0,0.0
Ananta Saha,Bengal,2013-2018,11,11,211,35.1,0,288,11,3/21,26.18,8.19,19.1,0.0,0.0
Angad Cheema,Chandigarh,2018-2022,17,16,288,48.0,0,341,12,2/18,28.41,7.10,24.0,0.0,0.0
Aniket Choudhary,Rajasthan,2013-2023,48,48,944,157.2,4,1181,47,4/21,25.12,7.51,20.0,1.0,0.0
Anirudh Singh,Manipur,2018-2022,17,16,288,48.0,0,341,12,2/18,28.41,7.10,24.0,0.0,0.0
Ankit Soni,Gujarat,2015-2018,14,13,241,40.1,0,288,11,3/21,26.18,7.17,21.9,0.0,0.0
Ansh Patel,Gujarat,2021-2022,5,3,42,7.0,0,51,2,1/11,25.50,7.28,21.0,0.0,0.0
Anshul Kamboj,Haryana,2022-2023,10,10,211,35.1,0,241,11,3/21,21.90,6.85,19.1,0.0,0.0
Anuj Tiwary,Railways,2013-2018,18,17,311,51.5,0,388,14,3/21,27.71,7.49,22.2,0.0,0.0
Anukul Roy,Jharkhand,2018-2023,41,40,811,135.1,2,941,29,3/18,32.44,6.96,27.9,0.0,0.0
Apoorv Kumar,Bihar,2018-2021,11,10,188,31.2,0,241,9,2/18,26.77,7.70,20.8,0.0,0.0
Aradhya Yadav,Uttar Pradesh,2022-2023,7,1,6,1.0,0,8,0,0/8,,8.00,,0.0,0.0
Arbar Kazi,Mizoram,2019-2023,28,25,488,81.2,1,541,21,3/18,25.76,6.65,23.2,0.0,0.0
Arindam Ghosh,Railways,2010-2022,41,4,30,5.0,0,41,1,1/6,41.00,8.20,30.0,0.0,0.0
Arjun Sharma,Services,2013-2018,18,17,311,51.5,0,388,14,3/21,27.71,7.49,22.2,0.0,0.0
Arjun Singh,Jammu & Kashmir,2013-2018,11,10,188,31.2,0,241,9,2/18,26.77,7.70,20.8,0.0,0.0
Armaan Jaffer,Mumbai,2016-2023,22,1,6,1.0,0,7,0,0/7,,7.00,,0.0,0.0
Arman Khan,Nagaland,2021-2022,5,5,96,16.0,0,121,5,2/21,24.20,7.56,19.2,0.0,0.0
Arpit Singh,Railways,2013-2018,18,17,311,51.5,0,388,14,3/21,27.71,7.49,22.2,0.0,0.0
Arun Bamal,Services,2013-2018,18,17,311,51.5,0,388,14,3/21,27.71,7.49,22.2,0.0,0.0
Ashwin Christ,Tamil Nadu,2014-2017,10,10,188,31.2,0,241,9,2/18,26.77,7.70,20.8,0.0,0.0
Ashwin Hebbar,Andhra,2015-2023,48,15,151,25.1,0,188,8,2/21,23.50,7.47,18.8,0.0,0.0
Ashwin Murugan,Tamil Nadu,2015-2023,31,31,0,724,28,4/19,25.85,7.68,20.2,1,0,,
Asif K M,Kerala,2018-2023,31,31,0,724,31,4/19,23.35,7.68,18.2,1,0,,
Asif Mansoori,Gujarat,2015-2018,14,13,241,40.1,0,288,11,3/21,26.18,7.17,21.9,0.0,0.0
Atharva Ankolekar,Mumbai,2019-2023,17,17,341,56.5,1,388,14,5/21,27.71,6.84,24.3,0.0,1.0
Avneesh Sudha,Uttarakhand,2021-2023,15,1,6,1.0,0,8,0,0/8,,8.00,,0.0,0.0
Azim Kazi,Maharashtra,2019-2023,38,36,758,126.2,2,889,28,3/18,31.75,7.04,27.0,0.0,0.0
Badal Singh,Bihar,2019-2023,18,18,374,62.2,2,488,19,3/18,25.68,7.83,19.6,0.0,0.0
Balaji Sharma,Rajasthan,2011-2015,14,13,241,40.1,0,288,11,3/21,26.18,7.17,21.9,0.0,0.0
Balkrishna Shirke,Maharashtra,2010-2015,11,7,60,10.0,0,78,4,2/15,19.50,7.80,15.0,0.0,0.0
Baltej Singh Dhanda,Punjab,2014-2023,38,38,0,847,33,4/19,25.66,7.46,20.8,1,0,,
Barinder Sran,Punjab,2011-2023,43,43,0,944,28,4/21,33.71,7.51,27.0,1,0,,
Beant Singh,Punjab,2015-2018,14,13,241,40.1,0,288,11,3/21,26.18,7.17,21.9,0.0,0.0
Benjamin,Goa,2011-2018,28,27,541,90.1,1,664,23,3/18,28.86,7.36,23.5,0.0,0.0
Bhargav Vyas,Saurashtra,2010-2015,11,7,60,10.0,0,78,4,2/15,19.50,7.80,15.0,0.0,0.0
Bhavin Engle,Vidarbha,2013-2018,18,17,311,51.5,0,388,14,3/21,27.71,7.49,22.2,0.0,0.0
Bhavin Trivedi,Gujarat,2012-2015,11,6,3,21,11,7.00,22,95.45,0,0,1,,
Bhima Rao,Andhra,2011-2018,28,27,541,90.1,1,664,23,3/18,28.86,7.36,23.5,0.0,0.0
Bhupinder Singh,Punjab,2011-2015,14,13,241,40.1,0,288,11,3/21,26.18,7.17,21.9,0.0,0.0
Bhuvaneshwar Kumar,Railways,2013-2018,18,17,311,51.5,0,388,14,3/21,27.71,7.49,22.2,0.0,0.0
Bipul Singh,Sikkim,2018-2022,17,16,288,48.0,0,341,12,2/18,28.41,7.10,24.0,0.0,0.0
Bishworjit Konthoujam,Manipur,2018-2023,24,24,0,574,21,3/21,27.33,7.43,22.0,0,0,,
C K Jani,Saurashtra,2012-2023,58,55,1,1111,74,4/23,17.94,7.17,15.0,1,0,,
CV Milind,Hyderabad,2014-2023,41,41,0,934,49,5/16,23.32,7.34,19.0,1,1,,
Chandan Kumar Singh,Services,2013-2018,18,17,311,51.5,0,388,14,3/21,27.71,7.49,22.2,0.0,0.0
Chandan Sahani,Odisha,2022-2023,7,1,6,1.0,0,8,0,0/8,,8.00,,0.0,0.0
Chandra Singh,Manipur,2018-2022,17,16,288,48.0,0,341,12,2/18,28.41,7.10,24.0,0.0,0.0
Chandrakar,Sikkim,2018-2022,17,16,288,48.0,0,341,12,2/18,28.41,7.10,24.0,0.0,0.0
Chiranjit Singh,Manipur,2018-2022,17,16,288,48.0,0,341,12,2/18,28.41,7.10,24.0,0.0,0.0
Choudhary,Sikkim,2018-2022,17,16,288,48.0,0,341,12,2/18,28.41,7.10,24.0,0.0,0.0
Abhijeet Tomar,Rajasthan,2019-2023,22,21,2,543,62,28.57,461,117.78,0,3,1,51.0,13.0
Abhinav Manohar,Karnataka,2021-2023,19,17,6,441,70*,40.09,291,151.54,0,3,1,33.0,23.0
Aditya Kaushik,Goa,2018-2021,15,15,1,311,53,22.21,278,111.87,0,1,1,29.0,8.0
Aditya Waghmode,Baroda,2011-2021,39,38,3,899,77,25.68,811,110.85,0,5,2,93.0,20.0
Agniv Pan,Bengal,2018-2023,26,24,4,501,64,25.05,418,119.85,0,2,2,45.0,13.0
Ajay Mandal,Chhattisgarh,2018-2023,31,26,9,411,51,24.17,321,128.03,0,1,1,30.0,16.0
Ajit Chandila,Rajasthan,2011-2013,19,9,4,55,18,11.00,49,112.24,0,0,1,4.0,2.0
Akash Luitel,Sikkim,2022-2023,10,9,2,101,31,14.42,98,103.06,0,0,1,8.0,3.0
Akash Vasisht,Himachal Pradesh,2019-2023,28,25,7,488,76*,27.11,368,132.60,0,2,1,41.0,19.0
Akhil Herwadkar,Nagaland,2015-2022,31,30,1,721,78,24.86,645,111.78,0,4,2,71.0,18.0
Akhil Sahai,Bihar,2018-2022,16,15,2,288,48,22.15,266,108.27,0,0,1,25.0,7.0
Alankrit Jangid,Rajasthan,2015-2016,8,7,2,81,25,16.20,75,108.00,0,0,0,7.0,2.0
Alok Chandra,Bihar,2018-2021,11,9,3,99,31,16.50,91,108.79,0,0,1,8.0,3.0
Alok Sahoo,Odisha,2011-2015,19,17,4,201,38,15.46,188,106.91,0,0,1,16.0,7.0
Aman Khan,Mumbai,2021-2023,21,18,7,301,43*,27.36,211,142.65,0,0,1,22.0,18.0
Aman Sharma,Jammu & Kashmir,2018-2019,10,9,1,151,33,18.87,138,109.42,0,0,1,10.0,4.0
Amar Choudhary,Gujarat,2012-2015,11,6,3,21,11,7.00,22,95.45,0,0,1,1.0,1.0
Amir Gani,Bengal,2016-2023,29,19,8,188,36,17.09,155,121.29,0,0,2,14.0,7.0
Amit Kumar,Meghalaya,2018-2022,18,17,1,345,52,21.56,311,110.93,0,1,1,31.0,9.0
Amit Yadav,Goa,2011-2018,33,24,9,241,39,16.06,222,108.55,0,0,2,19.0,8.0
Amritpal Singh,Punjab,2011-2015,19,16,6,151,33,15.10,138,109.42,0,0,1,10.0,4.0
Anand Singh,Bihar,2018-2022,16,15,2,288,48,22.15,266,108.27,0,0,1,25.0,7.0
Anirban Gupta,Tripura,2009-2014,19,18,2,288,48,18.00,277,103.97,0,0,1,25.0,7.0
Anirudh Chaudhari,Services,2013-2018,21,20,1,419,65,22.05,361,116.06,0,2,1,38.0,11.0
Ankit Kaushik,Chandigarh,2015-2023,41,38,8,812,72,27.06,681,119.23,0,4,2,72.0,24.0
Ankit Manori,Uttarakhand,2019-2023,22,21,2,543,62,28.57,461,117.78,0,3,1,51.0,13.0
Ankit Rajpoot,Uttar Pradesh,2013-2023,59,21,11,101,25,10.10,91,110.98,0,0,5,7.0,4.0
Ankit Sharma,Services,2013-2018,21,20,1,419,65,22.05,361,116.06,0,2,1,38.0,11.0
Anmol Malhotra,Chandigarh,2021-2023,19,17,6,441,70*,40.09,291,151.54,0,3,1,33.0,23.0
Anmolpreet Singh,Punjab,2018-2023,41,40,4,904,100*,25.11,718,125.90,1,5,2,91.0,29.0
Anuj Rawat,Delhi,2017-2023,43,39,6,988,88,29.93,741,133.33,0,6,2,79.0,45.0
Aparajith Hegde,Karnataka,2007-2008,5,5,1,81,31,20.25,75,108.00,0,0,0,7.0,2.0
Arjun Hoysala,Karnataka,2015-2018,17,16,2,305,43,21.78,269,113.38,0,0,1,25.0,8.0
Arjun Tendulkar,Goa,2021-2023,14,9,4,89,24,17.80,71,125.35,0,0,2,7.0,4.0
Arpit Guleria,Himachal Pradesh,2016-2023,29,19,8,188,36,17.09,155,121.29,0,0,2,14.0,7.0
Arun Chaprana,Haryana,2015-2023,31,26,9,411,51,24.17,321,128.03,0,1,1,30.0,16.0
Aryan Juyal,Uttar Pradesh,2019-2023,22,21,2,543,62,28.57,461,117.78,0,3,1,51.0,13.0
Ashutosh Aman,Bihar,2018-2022,16,15,2,288,48,22.15,266,108.27,0,0,1,25.0,7.0
Ashutosh Sharma,Railways,2018-2023,21,20,1,419,65,22.05,361,116.06,0,2,1,38.0,11.0
Asif Ali,Services,2013-2018,21,20,1,419,65,22.05,361,116.06,0,2,1,38.0,11.0
Asif Khan,Uttar Pradesh,2015-2018,17,16,2,305,43,21.78,269,113.38,0,0,1,25.0,8.0
Atharva Taide,Vidarbha,2018-2023,35,34,2,854,77,26.68,661,129.19,0,5,2,81.0,31.0
Atit Sheth,Baroda,2016-2023,39,31,10,488,51,23.23,368,132.60,0,1,1,41.0,19.0
Atul Singh,Services,2013-2018,21,20,1,419,65,22.05,361,116.06,0,2,1,38.0,11.0
Avanish Singh,Railways,2016-2020,19,17,4,260,49,20.00,229,113.53,0,0,1,20.0,7.0
Avi Barot,Saurashtra,2011-2021,38,36,3,812,93,24.60,611,132.89,1,4,2,79.0,35.0
Avinash Kumar,Railways,2016-2020,19,17,4,260,49,20.00,229,113.53,0,0,1,20.0,7.0
Ayush Badoni,Delhi,2021-2023,21,18,7,301,43*,27.36,211,142.65,0,0,1,22.0,18.0
Ayush Jamwal,Himachal Pradesh,2019-2023,28,25,7,488,76*,27.11,368,132.60,0,2,1,41.0,19.0
Babul Kumar,Bihar,2018-2022,16,15,2,288,48,22.15,266,108.27,0,0,1,25.0,7.0
Balchander Anirudh,Hyderabad,2015-2023,31,30,1,721,78,24.86,645,111.78,0,4,2,71.0,18.0
Bandaru Ayyappa,Andhra,2015-2023,37,26,9,411,51,24.17,321,128.03,0,1,1,30.0,16.0
Basant Mohanty,Odisha,2007-2018,29,19,8,188,36,17.09,155,121.29,0,0,2,14.0,7.0
Bhavanaka Sandeep,Hyderabad,2011-2023,59,54,11,1292,70,30.04,1089,118.64,0,6,1,111.0,34.0
Bibhakar,Bihar,2018-2021,11,9,3,99,31,16.50,91,108.79,0,0,1,8.0,3.0
Bobby Yadav,Madhya Pradesh,2009-2015,19,16,6,151,33,15.10,138,109.42,0,0,1,10.0,4.0
Briejesh Kumar,Bihar,2018-2021,11,9,3,99,31,16.50,91,108.79,0,0,1,8.0,3.0
Bunti Roy,Tripura,2009-2014,19,18,2,288,48,18.00,277,103.97,0,0,1,25.0,7.0
Chaitanya Reddy,Andhra,2015-2023,37,26,9,411,51,24.17,321,128.03,0,1,1,30.0,16.0
Chandan Kumar,Bihar,2018-2021,11,9,3,99,31,16.50,91,108.79,0,0,1,8.0,3.0
Chandan Singh,Services,2013-2018,21,20,1,419,65,22.05,361,116.06,0,2,1,38.0,11.0
Chandrakant Mali,Maharashtra,2013-2018,21,20,2,471,67,26.16,389,121.08,0,3,1,40.0,16.0
Chandrapal Singh,Sikkim,2022-2023,10,9,2,101,31,14.42,98,103.06,0,0,1,8.0,3.0
Chetan Sharma,Punjab,2011-2015,19,16,6,151,33,15.10,138,109.42,0,0,1,10.0,4.0
Chetan Bist,Nagaland,2018-2022,18,17,1,345,52,21.56,311,110.93,0,1,1,31.0,9.0
Chetanya Nanda,Delhi,2007-2010,12,11,3,121,31,15.12,115,105.21,0,0,1,9.0,3.0
Chintan Gaja,Gujarat,2018-2023,31,19,8,188,36,17.09,155,121.29,0,0,2,14.0,7.0
Chirag Singh,Services,2013-2018,21,20,1,419,65,22.05,361,116.06,0,2,1,38.0,11.0
Damodar Redkar,Goa,2010-2015,11,7,60,10.0,0,78,4,2/15,19.50,7.80,15.0,0.0,0.0
Danish Mujtaba,Uttar Pradesh,2009-2015,14,13,241,40.1,0,288,11,3/21,26.18,7.17,21.9,0.0,0.0
Darshan Nalkande,Vidarbha,2019-2023,28,28,588,98.0,1,788,45,5/21,17.51,8.04,13.0,1.0,1.0
Dattesh Priolkar,Goa,2013-2018,18,17,311,51.5,0,388,14,3/21,27.71,7.49,22.2,0.0,0.0
Deepak Bansal,Railways,2013-2018,18,17,311,51.5,0,388,14,3/21,27.71,7.49,22.2,0.0,0.0
Deepak Dhapola,Uttarakhand,2018-2023,22,22,463,77.1,1,588,25,4/25,23.52,7.62,18.5,1.0,0.0
Deepak Joon,Haryana,2011-2015,14,13,241,40.1,0,288,11,3/21,26.18,7.17,21.9,0.0,0.0
Deepak Kumar,Bihar,2018-2021,11,10,188,31.2,0,241,9,2/18,26.77,7.70,20.8,0.0,0.0
Deepak Rawat,Uttarakhand,2018-2022,17,1,6,1.0,0,8,0,0/8,,8.00,,0.0,0.0
Deepak Sharma,Railways,2010-2015,11,7,60,10.0,0,78,4,2/15,19.50,7.80,15.0,0.0,0.0
Deepesh Nailwal,Railways,2010-2015,11,7,60,10.0,0,78,4,2/15,19.50,7.80,15.0,0.0,0.0
Devendra Bundela,Madhya Pradesh,2007-2017,28,11,78,13.0,0,99,4,2/15,24.75,7.61,19.5,0.0,0.0
Devendra Singh,Services,2013-2018,18,17,311,51.5,0,388,14,3/21,27.71,7.49,22.2,0.0,0.0
Devraj Singh,Jharkhand,2010-2015,11,7,60,10.0,0,78,4,2/15,19.50,7.80,15.0,0.0,0.0
Dhanraj Singh,Bengal,2009-2015,14,13,241,40.1,0,288,11,3/21,26.18,7.17,21.9,0.0,0.0
Dharmendra Jadeja,Saurashtra,2012-2023,61,60,1288,214.4,3,1481,47,4/18,31.51,6.90,27.4,1.0,0.0
Dharmichand,Rajasthan,2011-2015,14,13,241,40.1,0,288,11,3/21,26.18,7.17,21.9,0.0,0.0
Dhiraj Goswami,Assam,2018-2023,21,20,388,64.4,0,488,21,3/18,23.23,7.55,18.4,0.0,0.0
Digvijay Deshmukh,Maharashtra,2019-2023,17,17,341,56.5,1,388,14,5/21,27.71,6.84,24.3,0.0,1.0
Digvijay Singh,Chhattisgarh,2018-2022,15,14,271,45.1,0,388,14,3/21,27.71,8.59,19.3,0.0,0.0
Divyansh Saxena,Mumbai,2021-2022,5,1,6,1.0,0,8,0,0/8,,8.00,,0.0,0.0
Divyesh Pathak,Vidarbha,2015-2018,14,13,241,40.1,0,288,11,3/21,26.18,7.17,21.9,0.0,0.0
Diwesh Pathania,Services,2015-2023,41,40,811,135.1,2,941,29,3/18,32.44,6.96,27.9,0.0,0.0
Dwaraka Thirumalesh,Andhra,2007-2012,25,25,0,574,36,3/21,15.94,7.43,12.8,0,0,,
Ekant Sen,Railways,2016-2020,19,17,4,260,49,20.00,229,113.53,0,0,1,20.0,7.0
Eldhose Babu,Kerala,2007-2010,12,11,3,121,31,15.12,115,105.21,0,0,1,9.0,3.0
Fabid Ahmed,Puducherry,2018-2023,29,26,7,432,50,22.73,361,119.66,0,1,1,35.0,14.0
Gagan Kumar,Bihar,2018-2021,11,10,188,31.2,0,241,9,2/18,26.77,7.70,20.8,0.0,0.0
Gagandeep Singh,Goa,2011-2018,28,27,541,90.1,1,664,23,3/18,28.86,7.36,23.5,0.0,0.0
Ganesh Kumar,Andhra,2011-2018,28,27,541,90.1,1,664,23,3/18,28.86,7.36,23.5,0.0,0.0
Ganeshraj,Puducherry,2018-2022,17,16,288,48.0,0,341,12,2/18,28.41,7.10,24.0,0.0,0.0
Gaurav Gambhir,Punjab,2011-2015,14,13,241,40.1,0,288,11,3/21,26.18,7.17,21.9,0.0,0.0
Gaurav Jathar,Maharashtra,2010-2015,11,7,60,10.0,0,78,4,2/15,19.50,7.80,15.0,0.0,0.0
Gaurav Kochar,Railways,2010-2015,11,7,60,10.0,0,78,4,2/15,19.50,7.80,15.0,0.0,0.0
Gaurav Singh,Sikkim,2018-2022,17,16,288,48.0,0,341,12,2/18,28.41,7.10,24.0,0.0,0.0
Gautam Kumar,Bihar,2018-2021,11,10,188,31.2,0,241,9,2/18,26.77,7.70,20.8,0.0,0.0
Gautam Yadav,Madhya Pradesh,2009-2015,19,16,6,151,33,15.10,138,109.42,0,0,1,10.0,4.0
Ghulam Mudassar,Jammu & Kashmir,2018-2023,21,20,388,64.4,0,488,21,3/18,23.23,7.55,18.4,0.0,0.0
Girinath Reddy,Andhra,2018-2023,31,26,9,411,51,24.17,321,128.03,0,1,1,30.0,16.0
Gopal Singh,Jharkhand,2010-2015,11,7,60,10.0,0,78,4,2/15,19.50,7.80,15.0,0.0,0.0
Govind Poddar,Odisha,2010-2023,59,54,11,1292,70,30.04,1089,118.64,0,6,1,111.0,34.0
Guntashveer Singh,Punjab,2018-2022,17,16,288,48.0,0,341,12,2/18,28.41,7.10,24.0,0.0,0.0
Gurinder Singh,Nagaland,2015-2022,31,30,1,721,78,24.86,645,111.78,0,4,2,71.0,18.0
Gurvinder Singh,Himachal Pradesh,2011-2018,28,27,541,90.1,1,664,23,3/18,28.86,7.36,23.5,0.0,0.0
Hardeep Singh,Jammu & Kashmir,2013-2018,11,10,188,31.2,0,241,9,2/18,26.77,7.70,20.8,0.0,0.0
Hardik Rathod,Baroda,2013-2018,18,17,311,51.5,0,388,14,3/21,27.71,7.49,22.2,0.0,0.0
Harish Kumar,Railways,2013-2018,18,17,311,51.5,0,388,14,3/21,27.71,7.49,22.2,0.0,0.0
Harmeet Singh Baddan,Punjab,2011-2015,14,13,241,40.1,0,288,11,3/21,26.18,7.17,21.9,0.0,0.0
Harsh Dubey,Vidarbha,2022-2023,10,10,211,35.1,0,241,11,3/21,21.90,6.85,19.1,0.0,0.0
Harsh Tyagi,Delhi,2018-2023,21,20,388,64.4,0,488,21,3/18,23.23,7.55,18.4,0.0,0.0
Harshvardhan Singh,Bihar,2018-2021,11,10,188,31.2,0,241,9,2/18,26.77,7.70,20.8,0.0,0.0
Hasan Sardar,Bengal,2009-2015,14,13,241,40.1,0,288,11,3/21,26.18,7.17,21.9,0.0,0.0
Himanshu Asnora,Uttar Pradesh,2015-2018,14,13,241,40.1,0,288,11,3/21,26.18,7.17,21.9,0.0,0.0
Himanshu Bisht,Railways,2016-2020,19,17,4,260,49,20.00,229,113.53,0,0,1,20.0,7.0
Himanshu Chawla,Punjab,2011-2015,14,13,241,40.1,0,288,11,3/21,26.18,7.17,21.9,0.0,0.0
Himanshu Sangwan,Railways,2021-2023,13,13,270,45.0,1,299,11,3/21,27.18,6.64,24.5,0.0,0.0
Himat Singh,Delhi,2017-2023,43,39,6,988,88,29.93,741,133.33,0,6,2,79.0,45.0
Hokaito Zhimomi,Nagaland,2012-2022,31,30,1,721,78,24.86,645,111.78,0,4,2,71.0,18.0
Hopongkyu,Nagaland,2021-2022,5,5,96,16.0,0,121,5,2/21,24.20,7.56,19.2,0.0,0.0
Imran Khan,Madhya Pradesh,2009-2015,19,16,6,151,33,15.10,138,109.42,0,0,1,10.0,4.0
Imran Mohammed,Kerala,2015-2018,14,13,241,40.1,0,288,11,3/21,26.18,7.17,21.9,0.0,0.0
Imtiaz Ahmed,Assam,2010-2018,28,27,541,90.1,1,664,23,3/18,28.86,7.36,23.5,0.0,0.0
Inder Singh,Haryana,2011-2015,14,13,241,40.1,0,288,11,3/21,26.18,7.17,21.9,0.0,0.0
Indrajeet Kumar,Bihar,2018-2021,11,10,188,31.2,0,241,9,2/18,26.77,7.70,20.8,0.0,0.0
Irfan Khan,Uttar Pradesh,2009-2015,19,16,6,151,33,15.10,138,109.42,0,0,1,10.0,4.0
T Natarajan,Tamil Nadu,2017-2023,39,39,848,141.2,1,1081,48,5/17,22.52,7.65,17.6,1.0,1.0
Mayank Markande,Punjab,2018-2023,44,44,985,164.1,1,1171,65,4/29,18.01,7.13,15.1,1.0,0.0
Ravi Bishnoi,Rajasthan,2019-2023,48,48,1088,181.2,2,1281,67,5/24,19.11,7.07,16.2,2.0,1.0
Shams Mulani,Mumbai,2018-2023,39,39,848,141.2,1,988,46,3/18,21.47,6.99,18.4,0.0,0.0
Mohsin Khan,Uttar Pradesh,2018-2023,31,31,678,113.0,1,788,33,3/24,23.87,6.97,20.5,0.0,0.0
Akash Deep,Bengal,2019-2023,35,35,758,126.2,2,889,41,4/35,21.68,7.04,18.4,1.0,0.0
Tushar Deshpande,Mumbai,2018-2023,43,43,904,150.4,1,1222,55,4/19,22.21,8.11,16.4,1.0,0.0
Ishan Porel,Bengal,2018-2023,31,31,678,113.0,1,811,41,4/21,19.78,7.17,16.5,1.0,0.0
Yash Thakur,Vidarbha,2018-2023,41,41,874,145.4,2,1081,58,4/25,18.63,7.42,15.0,1.0,0.0
Mohit Avasthi,Mumbai,2021-2023,19,19,424,70.4,1,511,28,4/25,18.25,7.24,15.1,1.0,0.0
Arzan Nagwaswalla,Gujarat,2018-2023,31,31,724,120.4,1,888,56,6/19,15.85,7.36,12.9,1.0,1.0
Shahbaz Ahmed,Bengal,2018-2023,41,40,811,135.1,2,941,39,3/18,24.12,6.96,20.7,0.0,0.0
C.V. Milind,Hyderabad,2014-2023,41,41,934,155.4,1,1143,49,5/16,23.32,7.34,19.0,1.0,1.0
Tanush Kotian,Mumbai,2021-2023,23,23,488,81.2,1,541,21,3/18,25.76,6.65,23.2,0.0,0.0
Jagjit Singh,Chandigarh,2019-2023,21,21,454,75.4,1,548,28,3/21,19.57,7.23,16.2,0.0,0.0
Sayan Ghosh,Bengal,2016-2023,41,41,874,145.4,2,1081,47,4/21,23.00,7.42,18.5,1.0,0.0
Karan Kaila,Chandigarh,2019-2023,21,21,454,75.4,1,511,25,3/21,20.44,6.75,18.1,0.0,0.0
Vaibhav Arora,Himachal Pradesh,2021-2023,19,19,424,70.4,1,511,28,4/25,18.25,7.24,15.1,1.0,0.0
Imliwati Lemtur,Nagaland,2018-2023,21,21,454,75.4,1,511,25,3/21,20.44,6.75,18.1,0.0,0.0
Rex Singh,Manipur,2018-2023,24,24,514,85.4,1,611,31,4/21,19.70,7.14,16.5,1.0,0.0
Mohit Sharma,Gujarat,2013-2023,81,81,1731,288.3,2,2081,78,4/21,26.67,7.21,22.1,2.0,0.0
Pankaj Jaiswal,Himachal Pradesh,2015-2023,31,31,678,113.0,1,811,41,4/21,19.78,7.17,16.5,1.0,0.0
Dikshanshu Negi,Uttarakhand,2015-2023,44,44,904,150.4,1,1111,47,4/19,23.63,7.38,19.2,1.0,0.0
Bhagmender Lather,Chandigarh,2021-2023,11,11,234,39.0,1,288,11,3/21,26.18,7.38,21.2,0.0,0.0
Siddharth Desai,Gujarat,2018-2022,19,19,424,70.4,1,511,28,4/25,18.25,7.24,15.1,1.0,0.0
Abid Mushtaq,Jammu & Kashmir,2018-2023,28,28,611,101.5,2,724,33,4/18,21.93,7.13,18.5,1.0,0.0
Manishankar Murasingh,Tripura,2013-2023,55,54,1121,186.5,1,1401,64,4/21,21.89,7.49,17.5,1.0,0.0
Bipul Sharma,Sikkim,2007-2022,69,68,1444,240.4,2,1663,66,3/15,25.19,6.91,21.8,0.0,0.0
Sumit Ruikar,Chhattisgarh,2013-2023,41,41,874,145.4,2,1081,47,4/21,23.00,7.42,18.5,1.0,0.0
Aamir Gani,Bengal,2016-2023,29,29,634,105.4,1,758,31,4/18,24.45,7.19,20.4,1.0,0.0
Pradipta Pramanik,Bengal,2018-2023,19,19,424,70.4,1,511,28,4/25,18.25,7.24,15.1,1.0,0.0
Shubham Agarwal,Chhattisgarh,2016-2023,35,35,758,126.2,2,889,38,4/21,23.39,7.04,19.9,1.0,0.0
Ravi Kiran,Hyderabad,2013-2023,36,36,788,131.2,2,941,41,4/21,22.95,7.17,19.2,1.0,0.0
Tanay Thyagarajan,Hyderabad,2018-2023,28,28,611,101.5,2,724,33,4/18,21.93,7.13,18.5,1.0,0.0
Yudhvir Singh,Hyderabad,2021-2023,18,18,388,64.4,0,488,21,3/18,23.23,7.55,18.4,0.0,0.0
Kartikeya Kak,Services,2018-2023,21,21,454,75.4,1,548,28,3/21,19.57,7.23,16.2,0.0,0.0
Vikas Yadav,Services,2018-2023,21,21,454,75.4,1,548,28,3/21,19.57,7.23,16.2,0.0,0.0
Nitin Yadav,Services,2018-2023,21,21,454,75.4,1,548,28,3/21,19.57,7.23,16.2,0.0,0.0
Mohit Kumar,Services,2018-2023,21,21,454,75.4,1,548,28,3/21,19.57,7.23,16.2,0.0,0.0
Sachin Sharma,Services,2018-2023,21,21,454,75.4,1,548,28,3/21,19.57,7.23,16.2,0.0,0.0
Lakhan Singh,Goa,2018-2023,21,21,454,75.4,1,548,28,3/21,19.57,7.23,16.2,0.0,0.0
Felix Alemao,Goa,2018-2023,21,21,454,75.4,1,548,28,3/21,19.57,7.23,16.2,0.0,0.0
Vijesh Prabhudessai,Goa,2018-2023,21,21,454,75.4,1,548,28,3/21,19.57,7.23,16.2,0.0,0.0
Heramb Parab,Goa,2018-2023,21,21,454,75.4,1,548,28,3/21,19.57,7.23,16.2,0.0,0.0
Shrikant Wagh,Goa,2007-2018,48,48,1054,175.4,2,1301,46,3/18,28.28,7.40,22.9,0.0,0.0
Deepraj Gaonkar,Goa,2018-2023,21,21,454,75.4,1,548,28,3/21,19.57,7.23,16.2,0.0,0.0
Lakshay Garg,Goa,2018-2023,28,28,611,101.5,2,724,33,4/18,21.93,7.13,18.5,1.0,0.0
Anandbhai Patel,Gujarat,2018-2022,17,17,374,62.2,1,454,21,3/18,21.61,7.29,17.8,0.0,0.0
Hemang Patel,Gujarat,2018-2022,17,17,374,62.2,1,454,21,3/18,21.61,7.29,17.8,0.0,0.0
Tejas Patel,Gujarat,2018-2022,17,17,374,62.2,1,454,21,3/18,21.61,7.29,17.8,0.0,0.0
Roosh Kalaria,Gujarat,2012-2023,55,55,1197,199.3,2,1439,62,4/15,23.20,7.22,19.3,1.0,0.0
Kathan Patel,Gujarat,2022-2022,2,2,44,7.2,0,51,2,1/11,25.50,7.02,22.0,0.0,0.0
Priyajit Singh,Gujarat,2018-2022,17,17,374,62.2,1,454,21,3/18,21.61,7.29,17.8,0.0,0.0
Dhruv Raval,Gujarat,2018-2022,17,17,374,62.2,1,454,21,3/18,21.61,7.29,17.8,0.0,0.0
Kshitij Patel,Gujarat,2018-2022,17,17,374,62.2,1,454,21,3/18,21.61,7.29,17.8,0.0,0.0
Bhavik Thaker,Gujarat,2018-2022,17,17,374,62.2,1,454,21,3/18,21.61,7.29,17.8,0.0,0.0
Rujul Bhatt,Gujarat,2011-2018,28,27,541,90.1,1,664,23,3/18,28.86,7.36,23.5,0.0,0.0
Jesal Karia,Gujarat,2011-2018,28,27,541,90.1,1,664,23,3/18,28.86,7.36,23.5,0.0,0.0
Hardik Patel,Gujarat,2015-2023,31,31,678,113.0,1,811,41,4/19,19.78,7.17,16.5,1.0,0.0
Mehul Patel,Gujarat,2011-2018,28,27,541,90.1,1,664,23,3/18,28.86,7.36,23.5,0.0,0.0
Sunil Patel,Gujarat,2011-2018,28,27,541,90.1,1,664,23,3/18,28.86,7.36,23.5,0.0,0.0
Jayveer Parmar,Gujarat,2018-2022,17,17,374,62.2,1,454,21,3/18,21.61,7.29,17.8,0.0,0.0
Dhwanil Patel,Gujarat,2018-2022,17,17,374,62.2,1,454,21,3/18,21.61,7.29,17.8,0.0,0.0
Abhishek Kumar,Jharkhand,2018-2022,17,17,374,62.2,1,454,21,3/18,21.61,7.29,17.8,0.0,0.0
Nazim Siddiqui,Jharkhand,2018-2023,28,2,12,2.0,0,18,0,0/18,,9.00,,0.0,0.0
Pankaj Kumar,Jharkhand,2018-2022,17,17,374,62.2,1,454,21,3/18,21.61,7.29,17.8,0.0,0.0
Pratyush Singh,Jharkhand,2018-2023,28,2,12,2.0,0,18,0,0/18,,9.00,,0.0,0.0
Shasheem,Jharkhand,2018-2022,17,17,374,62.2,1,454,21,3/18,21.61,7.29,17.8,0.0,0.0
Satyendra Prajapati,Jharkhand,2018-2022,17,17,374,62.2,1,454,21,3/18,21.61,7.29,17.8,0.0,0.0
Sunil Kumar,Jharkhand,2018-2022,17,17,374,62.2,1,454,21,3/18,21.61,7.29,17.8,0.0,0.0
Supriyo Chakraborty,Jharkhand,2018-2023,28,28,611,101.5,2,724,33,4/18,21.93,7.13,18.5,1.0,0.0
Rituraj Singh,Goa,2010-2018,28,27,541,90.1,1,664,23,3/18,28.86,7.36,23.5,0.0,0.0
Jaskaran,Punjab,2018-2022,17,17,374,62.2,1,454,21,3/18,21.61,7.29,17.8,0.0,0.0
Sunny Gupta,Jharkhand,2011-2018,28,27,541,90.1,1,664,23,3/18,28.86,7.36,23.5,0.0,0.0
Ajay Yadav,Jharkhand,2010-2018,28,27,541,90.1,1,664,23,3/18,28.86,7.36,23.5,0.0,0.0
Prakash Kumar,Jharkhand,2018-2022,17,17,374,62.2,1,454,21,3/18,21.61,7.29,17.8,0.0,0.0
Manish Kumar,Jharkhand,2018-2022,17,17,374,62.2,1,454,21,3/18,21.61,7.29,17.8,0.0,0.0
Vyshak Vijay Kumar,Karnataka,2021-2023,19,19,424,70.4,1,511,28,4/25,18.25,7.24,15.1,1.0,0.0
KC Cariappa,Karnataka,2015-2023,31,31,678,113.0,1,811,41,4/19,19.78,7.17,16.5,1.0,0.0
Krishnappa Gowtham,Karnataka,2016-2023,51,50,1054,175.4,2,1301,46,3/18,28.28,7.40,22.9,0.0,0.0
Praveen Dubey,Karnataka,2015-2023,31,31,678,113.0,1,811,41,4/19,19.78,7.17,16.5,1.0,0.0
Sreenath Aravind,Karnataka,2008-2018,48,48,944,157.2,4,1181,47,4/21,25.12,7.51,20.0,1.0,0.0
HS Sharath,Karnataka,2013-2018,18,17,311,51.5,0,388,14,3/21,27.71,7.49,22.2,0.0,0.0
Shishir Bhavane,Karnataka,2015-2018,17,16,2,305,43,21.78,269,113.38,0,0,1,25.0,8.0
Nikin Jose,Karnataka,2022-2023,8,1,6,1.0,0,8,0,0/8,,8.00,,0.0,0.0
Sharath BR,Karnataka,2018-2023,28,1,6,1.0,0,7,0,0/7,,7.00,,0.0,0.0
Pavan Deshpande,Karnataka,2016-2023,41,38,8,812,72,27.06,681,119.23,0,4,2,72.0,24.0
Luvnith Sisodia,Karnataka,2021-2023,11,11,1,241,48,24.10,211,114.21,0,0,1,22.0,7.0
KM Asif,Kerala,2018-2023,31,31,678,113.0,1,811,41,4/19,19.78,7.17,16.5,1.0,0.0
Sudhesan Midhun,Kerala,2018-2023,28,28,611,101.5,2,724,33,4/18,21.93,7.13,18.5,1.0,0.0
Unnikrishnan Manukrishnan,Kerala,2018-2023,28,28,611,101.5,2,724,33,4/18,21.93,7.13,18.5,1.0,0.0
Sijomon Joseph,Kerala,2018-2023,28,28,611,101.5,2,724,33,4/18,21.93,7.13,18.5,1.0,0.0
Abdul Basith,Kerala,2022-2023,8,7,1,60,23,10.00,55,109.09,0,0,0,5.0,1.0
Rohan Prem,Kerala,2007-2018,48,48,944,157.2,4,1181,47,4/21,25.12,7.51,20.0,1.0,0.0
Sachin Mohan,Kerala,2018-2022,17,16,2,305,43,21.78,269,113.38,0,0,1,25.0,8.0
Salman Nizar,Kerala,2015-2023,31,29,7,611,51,27.77,488,125.20,0,1,1,51.0,19.0
Vinoop Manoharan,Kerala,2015-2023,31,29,7,611,51,27.77,488,125.20,0,1,1,51.0,19.0
Tinu Yohannan,Kerala,2007-2009,8,7,2,42,15,8.40,45,93.33,0,0,1,2.0,1.0
Puneet Datey,Madhya Pradesh,2015-2018,17,16,2,305,43,21.78,269,113.38,0,0,1,25.0,8.0
Kuldeep Sen,Madhya Pradesh,2018-2023,28,28,611,101.5,2,724,33,4/18,21.93,7.13,18.5,1.0,0.0
Kumar Kartikeya,Madhya Pradesh,2021-2023,19,19,424,70.4,1,511,28,4/25,18.25,7.24,15.1,1.0,0.0
Saransh Jain,Madhya Pradesh,2015-2023,31,29,7,611,51,27.77,488,125.20,0,1,1,51.0,19.0
Ishan Panday,Madhya Pradesh,2018-2022,17,16,2,305,43,21.78,269,113.38,0,0,1,25.0,8.0
Arpit Gaud,Madhya Pradesh,2015-2023,31,29,7,611,51,27.77,488,125.20,0,1,1,51.0,19.0
Parth Sahani,Madhya Pradesh,2015-2023,31,29,7,611,51,27.77,488,125.20,0,1,1,51.0,19.0
Anand Bais,Madhya Pradesh,2015-2018,17,16,2,305,43,21.78,269,113.38,0,0,1,25.0,8.0
Sarabjeet Ladda,Punjab,2011-2018,28,27,541,90.1,1,664,23,3/18,28.86,7.36,23.5,0.0,0.0
Ramandeep Singh,Punjab,2022-2023,8,7,1,60,23,10.00,55,109.09,0,0,0,5.0,1.0
Gurkeerat Singh Mann,Punjab,2012-2023,74,67,16,1622,93*,31.80,1238,131.01,0,11,5,150.0,56.0
Abhinav Sharma,Punjab,2022-2023,8,7,1,60,23,10.00,55,109.09,0,0,0,5.0,1.0
Sanvir Singh,Punjab,2018-2023,28,21,8,241,41,18.53,188,128.19,0,0,1,18.0,11.0
Harbhajan Singh,Punjab,2007-2018,48,48,944,157.2,4,1181,47,4/21,25.12,7.51,20.0,1.0,0.0
Manpreet Gony,Punjab,2007-2018,48,48,944,157.2,4,1181,47,4/21,25.12,7.51,20.0,1.0,0.0
Amitoze Singh,Punjab,2011-2018,28,27,541,90.1,1,664,23,3/18,28.86,7.36,23.5,0.0,0.0
Gitansh Khera,Punjab,2011-2018,28,27,541,90.1,1,664,23,3/18,28.86,7.36,23.5,0.0,0.0
Jaskaranvir Singh,Punjab,2018-2022,17,16,2,305,43,21.78,269,113.38,0,0,1,25.0,8.0
Sharad Lumba,Punjab,2015-2023,31,29,7,611,51,27.77,488,125.20,0,1,1,51.0,19.0
Mayank Siddhana,Punjab,2011-2018,28,27,541,90.1,1,664,23,3/18,28.86,7.36,23.5,0.0,0.0
Pargat Singh,Punjab,2015-2023,31,29,7,611,51,27.77,488,125.20,0,1,1,51.0,19.0
Vinay Choudhary,Punjab,2015-2023,31,29,7,611,51,27.77,488,125.20,0,1,1,51.0,19.0
Anureet Singh,Railways,2009-2022,56,31,14,228,33,13.41,188,121.27,0,0,4,16.0,9.0
Ashish Yadav,Railways,2013-2018,18,17,311,51.5,0,388,14,3/21,27.71,7.49,22.2,0.0,0.0
Manjeet Singh,Railways,2013-2018,18,17,311,51.5,0,388,14,3/21,27.71,7.49,22.2,0.0,0.0
Pradeep T,Railways,2013-2018,18,17,311,51.5,0,388,14,3/21,27.71,7.49,22.2,0.0,0.0
Saurabh Singh,Railways,2013-2018,18,17,311,51.5,0,388,14,3/21,27.71,7.49,22.2,0.0,0.0
Karan Thakur,Railways,2013-2018,18,17,311,51.5,0,388,14,3/21,27.71,7.49,22.2,0.0,0.0
Mrunal Devdhar,Railways,2016-2023,41,38,8,812,72,27.06,681,119.23,0,4,2,72.0,24.0
Vikrant Rajput,Railways,2016-2021,21,20,2,471,67,26.16,389,121.08,0,3,1,40.0,16.0
Samar Dubhashi,Railways,2016-2020,19,17,4,260,49,20.00,229,113.53,0,0,1,20.0,7.0
Techi Neri,Arunachal Pradesh,2018-2022,17,16,2,305,43,21.78,269,113.38,0,0,1,25.0,8.0
Kamsa Yangfo,Arunachal Pradesh,2018-2022,17,16,2,305,43,21.78,269,113.38,0,0,1,25.0,8.0
Song Tacho,Arunachal Pradesh,2018-2022,17,16,2,305,43,21.78,269,113.38,0,0,1,25.0,8.0
Akhilesh Sahani,Arunachal Pradesh,2018-2023,19,18,2,388,51,24.25,321,120.87,0,1,1,30.0,16.0
Indiya Toku,Arunachal Pradesh,2018-2022,17,16,2,305,43,21.78,269,113.38,0,0,1,25.0,8.0
Myendung Singpho,Arunachal Pradesh,2018-2022,17,16,2,305,43,21.78,269,113.38,0,0,1,25.0,8.0
Utsav Madan,Arunachal Pradesh,2018-2022,17,16,2,305,43,21.78,269,113.38,0,0,1,25.0,8.0
Licha Tehi,Arunachal Pradesh,2018-2022,17,16,2,305,43,21.78,269,113.38,0,0,1,25.0,8.0
Karket Gamlin,Arunachal Pradesh,2018-2022,17,16,2,305,43,21.78,269,113.38,0,0,1,25.0,8.0
Suraj Tayam,Arunachal Pradesh,2018-2022,17,16,2,305,43,21.78,269,113.38,0,0,1,25.0,8.0
Takum Hake,Arunachal Pradesh,2018-2022,17,16,2,305,43,21.78,269,113.38,0,0,1,25.0,8.0
Doria,Arunachal Pradesh,2018-2022,17,16,2,305,43,21.78,269,113.38,0,0,1,25.0,8.0
Subhash Sharma,Arunachal Pradesh,2018-2022,17,16,2,305,43,21.78,269,113.38,0,0,1,25.0,8.0
Techi Doria,Arunachal Pradesh,2018-2022,17,16,2,305,43,21.78,269,113.38,0,0,1,25.0,8.0
Kalen Kumar,Arunachal Pradesh,2018-2022,17,16,2,305,43,21.78,269,113.38,0,0,1,25.0,8.0
Samarth Seth,Arunachal Pradesh,2018-2022,17,16,2,305,43,21.78,269,113.38,0,0,1,25.0,8.0
Prateek Singh,Arunachal Pradesh,2018-2022,17,16,2,305,43,21.78,269,113.38,0,0,1,25.0,8.0
Neelam Obi,Arunachal Pradesh,2018-2022,17,16,2,305,43,21.78,269,113.38,0,0,1,25.0,8.0
Momar Ori,Arunachal Pradesh,2018-2022,17,16,2,305,43,21.78,269,113.38,0,0,1,25.0,8.0
Kishan Singha,Manipur,2018-2023,24,24,0,574,21,3/21,27.33,7.43,22.0,0,0,,
Langlonyamba Keishangbam,Manipur,2018-2023,24,24,0,574,21,3/21,27.33,7.43,22.0,0,0,,
Priyojit Singh,Manipur,2018-2023,24,24,0,574,21,3/21,27.33,7.43,22.0,0,0,,
Sultan Karim,Manipur,2018-2022,17,16,2,305,43,21.78,269,113.38,0,0,1,25.0,8.0
Thomas Moirangthem,Manipur,2018-2022,17,16,2,305,43,21.78,269,113.38,0,0,1,25.0,8.0
Johnson Singh,Manipur,2018-2023,24,24,0,574,21,3/21,27.33,7.43,22.0,0,0,,
Narsing Yadav,Manipur,2018-2022,17,16,2,305,43,21.78,269,113.38,0,0,1,25.0,8.0
Bikash Singh,Manipur,2018-2023,24,24,0,574,21,3/21,27.33,7.43,22.0,0,0,,
Sheiteendra Singh,Manipur,2018-2022,17,16,2,305,43,21.78,269,113.38,0,0,1,25.0,8.0
Thokchom Singh,Manipur,2018-2022,17,16,2,305,43,21.78,269,113.38,0,0,1,25.0,8.0
Karnajit Yumnam,Manipur,2018-2022,17,16,2,305,43,21.78,269,113.38,0,0,1,25.0,8.0
Bonny Singh,Manipur,2018-2022,17,16,2,305,43,21.78,269,113.38,0,0,1,25.0,8.0
Saddam Shah,Manipur,2018-2022,17,16,2,305,43,21.78,269,113.38,0,0,1,25.0,8.0
Homendro Meitei,Manipur,2018-2022,17,16,2,305,43,21.78,269,113.38,0,0,1,25.0,8.0
Chingangbam Singh,Manipur,2018-2022,17,16,2,305,43,21.78,269,113.38,0,0,1,25.0,8.0
Sagolsem Singh,Manipur,2018-2022,17,16,2,305,43,21.78,269,113.38,0,0,1,25.0,8.0
Laitonjam Singh,Manipur,2018-2022,17,16,2,305,43,21.78,269,113.38,0,0,1,25.0,8.0
Lamabam Singh,Manipur,2018-2022,17,16,2,305,43,21.78,269,113.38,0,0,1,25.0,8.0
Jayanta Singh,Manipur,2018-2022,17,16,2,305,43,21.78,269,113.38,0,0,1,25.0,8.0
Kabrambam Singh,Manipur,2018-2022,17,16,2,305,43,21.78,269,113.38,0,0,1,25.0,8.0
Nongthombam Singh,Manipur,2018-2022,17,16,2,305,43,21.78,269,113.38,0,0,1,25.0,8.0
Rajkumar Singh,Manipur,2018-2022,17,16,2,305,43,21.78,269,113.38,0,0,1,25.0,8.0
Yumnam Singh,Manipur,2018-2022,17,16,2,305,43,21.78,269,113.38,0,0,1,25.0,8.0
Pukhrambam Singh,Manipur,2018-2022,17,16,2,305,43,21.78,269,113.38,0,0,1,25.0,8.0
Wahengbam Singh,Manipur,2018-2022,17,16,2,305,43,21.78,269,113.38,0,0,1,25.0,8.0
Kangabam Singh,Manipur,2018-2022,17,16,2,305,43,21.78,269,113.38,0,0,1,25.0,8.0
Ahanthem Singh,Manipur,2018-2022,17,16,2,305,43,21.78,269,113.38,0,0,1,25.0,8.0
Md Sultan,Manipur,2018-2022,17,16,2,305,43,21.78,269,113.38,0,0,1,25.0,8.0
Al Bashid Muhammed,Manipur,2018-2022,17,16,2,305,43,21.78,269,113.38,0,0,1,25.0,8.0
Rohit Kumar,Mizoram,2018-2022,17,16,2,305,43,21.78,269,113.38,0,0,1,25.0,8.0
G Lalbiakvela,Mizoram,2018-2023,24,24,0,574,21,3/21,27.33,7.43,22.0,0,0,,
Remruatdika Ralte,Mizoram,2018-2023,24,24,0,574,21,3/21,27.33,7.43,22.0,0,0,,
Vanlalhruaia,Mizoram,2018-2022,17,16,2,305,43,21.78,269,113.38,0,0,1,25.0,8.0
Rosiamliana Ralte,Mizoram,2018-2023,24,24,0,574,21,3/21,27.33,7.43,22.0,0,0,,
K Vanlalruata,Mizoram,2018-2023,24,24,0,574,21,3/21,27.33,7.43,22.0,0,0,,
Joseph Lalthankhuma,Mizoram,2018-2023,24,24,0,574,21,3/21,27.33,7.43,22.0,0,0,,
Lalhlimpuia,Mizoram,2018-2022,17,16,2,305,43,21.78,269,113.38,0,0,1,25.0,8.0
V L Remruata,Mizoram,2018-2022,17,16,2,305,43,21.78,269,113.38,0,0,1,25.0,8.0
Zorinliana,Mizoram,2018-2022,17,16,2,305,43,21.78,269,113.38,0,0,1,25.0,8.0
Lalnunfela,Mizoram,2018-2022,17,16,2,305,43,21.78,269,113.38,0,0,1,25.0,8.0
Hmar Zothanchhunga,Mizoram,2018-2022,17,16,2,305,43,21.78,269,113.38,0,0,1,25.0,8.0
Lalhmangaiha,Mizoram,2018-2022,17,16,2,305,43,21.78,269,113.38,0,0,1,25.0,8.0
Lalnuntluanga,Mizoram,2018-2022,17,16,2,305,43,21.78,269,113.38,0,0,1,25.0,8.0
F Lalruatfela,Mizoram,2018-2022,17,16,2,305,43,21.78,269,113.38,0,0,1,25.0,8.0
Lalbiakthanga,Mizoram,2018-2022,17,16,2,305,43,21.78,269,113.38,0,0,1,25.0,8.0
Malsawmtluanga,Mizoram,2018-2022,17,16,2,305,43,21.78,269,113.38,0,0,1,25.0,8.0
Zothanpuia,Mizoram,2018-2022,17,16,2,305,43,21.78,269,113.38,0,0,1,25.0,8.0
Lalrinchhana,Mizoram,2018-2022,17,16,2,305,43,21.78,269,113.38,0,0,1,25.0,8.0
Jonathan Lalrinchhana,Nagaland,2018-2022,17,16,2,305,43,21.78,269,113.38,0,0,1,25.0,8.0
Rongsen Jonathan,Nagaland,2018-2023,24,24,0,574,21,3/21,27.33,7.43,22.0,0,0,,
Nagaho Chishi,Nagaland,2018-2022,17,16,2,305,43,21.78,269,113.38,0,0,1,25.0,8.0
Khrievitso Kense,Nagaland,2021-2023,11,11,1,241,48,24.10,211,114.21,0,0,1,22.0,7.0
Tahmeed Rahman,Nagaland,2018-2022,17,16,2,305,43,21.78,269,113.38,0,0,1,25.0,8.0
Chopise Hopongkyu,Nagaland,2018-2022,17,16,2,305,43,21.78,269,113.38,0,0,1,25.0,8.0
Mungkham Phom,Nagaland,2018-2022,17,16,2,305,43,21.78,269,113.38,0,0,1,25.0,8.0
Nzanthung Mozhui,Nagaland,2018-2022,17,16,2,305,43,21.78,269,113.38,0,0,1,25.0,8.0
Joshua Ozukum,Nagaland,2018-2022,17,16,2,305,43,21.78,269,113.38,0,0,1,25.0,8.0
Sedezhalie Rupero,Nagaland,2018-2022,17,16,2,305,43,21.78,269,113.38,0,0,1,25.0,8.0
Wahid Ali,Nagaland,2018-2022,17,16,2,305,43,21.78,269,113.38,0,0,1,25.0,8.0
Akavi Yeptho,Nagaland,2018-2022,17,16,2,305,43,21.78,269,113.38,0,0,1,25.0,8.0
Moakumzuk Tzudir,Nagaland,2018-2022,17,16,2,305,43,21.78,269,113.38,0,0,1,25.0,8.0
Inakato Zhimomi,Nagaland,2018-2022,17,16,2,305,43,21.78,269,113.38,0,0,1,25.0,8.0
Imtizungted Ao,Nagaland,2018-2022,17,16,2,305,43,21.78,269,113.38,0,0,1,25.0,8.0
Vayu Haralu,Nagaland,2018-2022,17,16,2,305,43,21.78,269,113.38,0,0,1,25.0,8.0
Karan Tewatiya,Nagaland,2018-2022,17,16,2,305,43,21.78,269,113.38,0,0,1,25.0,8.0
Abrar Kazi,Nagaland,2018-2022,17,16,2,305,43,21.78,269,113.38,0,0,1,25.0,8.0
Tejosel Yiethun,Nagaland,2018-2022,17,16,2,305,43,21.78,269,113.38,0,0,1,25.0,8.0
Sagar Udeshi,Pondicherry,2018-2023,24,24,0,574,21,3/21,27.33,7.43,22.0,0,0,,
Sagar Trivedi,Pondicherry,2018-2023,24,24,0,574,21,3/21,27.33,7.43,22.0,0,0,,
Parameeswaran S,Pondicherry,2018-2023,24,24,0,574,21,3/21,27.33,7.43,22.0,0,0,,
Raghu Sharma,Pondicherry,2018-2023,24,24,0,574,21,3/21,27.33,7.43,22.0,0,0,,
Satish Jangir,Pondicherry,2018-2022,17,16,2,305,43,21.78,269,113.38,0,0,1,25.0,8.0
Vikneshwaran M,Pondicherry,2018-2022,17,16,2,305,43,21.78,269,113.38,0,0,1,25.0,8.0
Thalaivan Sargunam,Pondicherry,2018-2022,17,16,2,305,43,21.78,269,113.38,0,0,1,25.0,8.0
Logesh P,Pondicherry,2018-2022,17,16,2,305,43,21.78,269,113.38,0,0,1,25.0,8.0
Sidak Singh,Pondicherry,2018-2023,24,24,0,574,21,3/21,27.33,7.43,22.0,0,0,,
Suboth Bhati,Pondicherry,2018-2023,24,24,0,574,21,3/21,27.33,7.43,22.0,0,0,,
Rohit D,Pondicherry,2018-2023,24,24,0,574,21,3/21,27.33,7.43,22.0,0,0,,
Abdul Safar,Pondicherry,2018-2022,17,16,2,305,43,21.78,269,113.38,0,0,1,25.0,8.0
Iqlas Naha,Pondicherry,2018-2022,17,16,2,305,43,21.78,269,113.38,0,0,1,25.0,8.0
Sharath Kumar,Pondicherry,2018-2022,17,16,2,305,43,21.78,269,113.38,0,0,1,25.0,8.0
Premraj R,Pondicherry,2018-2022,17,16,2,305,43,21.78,269,113.38,0,0,1,25.0,8.0
Ganesan S,Pondicherry,2018-2022,17,16,2,305,43,21.78,269,113.38,0,0,1,25.0,8.0
Ashith Rajiv,Pondicherry,2018-2022,17,16,2,305,43,21.78,269,113.38,0,0,1,25.0,8.0
Viknesh S,Pondicherry,2018-2022,17,16,2,305,43,21.78,269,113.38,0,0,1,25.0,8.0
Antony Dhas,Pondicherry,2018-2023,24,24,0,574,21,3/21,27.33,7.43,22.0,0,0,,
Santha Moorthy,Pondicherry,2018-2023,24,24,0,574,21,3/21,27.33,7.43,22.0,0,0,,
Prabhakaran T,Pondicherry,2018-2022,17,16,2,305,43,21.78,269,113.38,0,0,1,25.0,8.0
Dinesh S,Pondicherry,2018-2022,17,16,2,305,43,21.78,269,113.38,0,0,1,25.0,8.0
Neyan Kangayan,Pondicherry,2018-2022,17,16,2,305,43,21.78,269,113.38,0,0,1,25.0,8.0
M Viknesh,Pondicherry,2018-2022,17,16,2,305,43,21.78,269,113.38,0,0,1,25.0,8.0
Anurag Sarangi,Odisha,2015-2023,31,29,7,611,51,27.77,488,125.20,0,1,1,51.0,19.0
Suryakant Pradhan,Odisha,2015-2023,31,29,7,611,51,27.77,488,125.20,0,1,1,51.0,19.0
Rajesh Mohanty,Odisha,2018-2023,19,18,2,388,51,24.25,321,120.87,0,1,1,30.0,16.0
Pappu Roy,Odisha,2018-2023,19,18,2,388,51,24.25,321,120.87,0,1,1,30.0,16.0
Jayanta Behera,Odisha,2015-2023,31,29,7,611,51,27.77,488,125.20,0,1,1,51.0,19.0
Abhishek Yadav,Odisha,2018-2022,17,16,2,305,43,21.78,269,113.38,0,0,1,25.0,8.0
Prayash Singh,Odisha,2018-2023,19,18,2,388,51,24.25,321,120.87,0,1,1,30.0,16.0
Kartik Biswal,Odisha,2021-2023,11,11,1,241,48,24.10,211,114.21,0,0,1,22.0,7.0
Sameer Mohanty,Odisha,2018-2022,17,16,2,305,43,21.78,269,113.38,0,0,1,25.0,8.0
Tarani Sa,Odisha,2021-2023,11,11,1,241,48,24.10,211,114.21,0,0,1,22.0,7.0
Harshit Rathod,Odisha,2021-2023,11,11,1,241,48,24.10,211,114.21,0,0,1,22.0,7.0
Sandeep Pattnaik,Odisha,2018-2023,19,18,2,388,51,24.25,321,120.87,0,1,1,30.0,16.0
Suvansh Singh,Odisha,2018-2022,17,16,2,305,43,21.78,269,113.38,0,0,1,25.0,8.0
Abhishek Raut,Odisha,2007-2018,48,48,944,157.2,4,1181,47,4/21,25.12,7.51,20.0,1.0,0.0
Shantanu Mishra,Odisha,2018-2023,19,18,2,388,51,24.25,321,120.87,0,1,1,30.0,16.0
Rakesh Pattnaik,Odisha,2018-2022,17,16,2,305,43,21.78,269,113.38,0,0,1,25.0,8.0
Subham Nayak,Odisha,2018-2023,19,18,2,388,51,24.25,321,120.87,0,1,1,30.0,16.0
Sujit Lenka,Odisha,2018-2023,19,18,2,388,51,24.25,321,120.87,0,1,1,30.0,16.0
Ashish Rai,Sikkim,2018-2023,19,18,2,388,51,24.25,321,120.87,0,1,1,30.0,16.0
Mandeep Bhutia,Sikkim,2018-2022,17,16,2,305,43,21.78,269,113.38,0,0,1,25.0,8.0
Sumit Singh,Sikkim,2018-2023,19,18,2,388,51,24.25,321,120.87,0,1,1,30.0,16.0
Lee Yong Lepcha,Sikkim,2018-2023,19,18,2,388,51,24.25,321,120.87,0,1,1,30.0,16.0
Palzor Tamang,Sikkim,2018-2023,19,18,2,388,51,24.25,321,120.87,0,1,1,30.0,16.0
Ankur Malik,Sikkim,2021-2023,11,11,1,241,48,24.10,211,114.21,0,0,1,22.0,7.0
Rahul Kumar,Sikkim,2021-2023,11,11,1,241,48,24.10,211,114.21,0,0,1,22.0,7.0
Nasun Tamang,Sikkim,2018-2022,17,16,2,305,43,21.78,269,113.38,0,0,1,25.0,8.0
Tashi Bhalla,Sikkim,2018-2022,17,16,2,305,43,21.78,269,113.38,0,0,1,25.0,8.0
Mandup Bhutia,Sikkim,2018-2022,17,16,2,305,43,21.78,269,113.38,0,0,1,25.0,8.0
Kundan Kumar,Sikkim,2018-2022,17,16,2,305,43,21.78,269,113.38,0,0,1,25.0,8.0
James Lepcha,Sikkim,2018-2022,17,16,2,305,43,21.78,269,113.38,0,0,1,25.0,8.0
Nilesh Lamichaney,Sikkim,2018-2023,19,18,2,388,51,24.25,321,120.87,0,1,1,30.0,16.0
Amosh Rai,Sikkim,2018-2022,17,16,2,305,43,21.78,269,113.38,0,0,1,25.0,8.0
Bivan Lemo,Sikkim,2018-2022,17,16,2,305,43,21.78,269,113.38,0,0,1,25.0,8.0
Robin Limboo,Sikkim,2018-2022,17,16,2,305,43,21.78,269,113.38,0,0,1,25.0,8.0
Karma Thinlay,Sikkim,2018-2022,17,16,2,305,43,21.78,269,113.38,0,0,1,25.0,8.0
Saurav Kumar Prasad,Sikkim,2018-2022,17,16,2,305,43,21.78,269,113.38,0,0,1,25.0,8.0
Bibek Diyali,Sikkim,2018-2022,17,16,2,305,43,21.78,269,113.38,0,0,1,25.0,8.0
Padam Limboo,Sikkim,2018-2022,17,16,2,305,43,21.78,269,113.38,0,0,1,25.0,8.0
Placidus Kerketta,Sikkim,2018-2022,17,16,2,305,43,21.78,269,113.38,0,0,1,25.0,8.0
Bikash Chettri,Sikkim,2018-2022,17,16,2,305,43,21.78,269,113.38,0,0,1,25.0,8.0
Rajat Sharma,Tripura,2018-2022,17,16,2,305,43,21.78,269,113.38,0,0,1,25.0,8.0
Ajoy Sarkar,Tripura,2018-2022,17,16,2,305,43,21.78,269,113.38,0,0,1,25.0,8.0
Sankar Paul,Tripura,2018-2023,19,18,2,388,51,24.25,321,120.87,0,1,1,30.0,16.0
Chiranjit Paul,Tripura,2018-2022,17,16,2,305,43,21.78,269,113.38,0,0,1,25.0,8.0
Samrat Sutradhar,Tripura,2018-2022,17,16,2,305,43,21.78,269,113.38,0,0,1,25.0,8.0
Rahil Shah,Tripura,2018-2023,19,18,2,388,51,24.25,321,120.87,0,1,1,30.0,16.0
Tushar Saha,Tripura,2018-2022,17,16,2,305,43,21.78,269,113.38,0,0,1,25.0,8.0
Rana Dutta,Tripura,2018-2023,19,18,2,388,51,24.25,321,120.87,0,1,1,30.0,16.0
Subham Ghosh,Tripura,2018-2022,17,16,2,305,43,21.78,269,113.38,0,0,1,25.0,8.0
Udiyan Bose,Tripura,2018-2022,17,16,2,305,43,21.78,269,113.38,0,0,1,25.0,8.0
Bikramkumar Das,Tripura,2021-2023,11,11,1,241,48,24.10,211,114.21,0,0,1,22.0,7.0
Joydeep Banik,Tripura,2018-2022,17,16,2,305,43,21.78,269,113.38,0,0,1,25.0,8.0
Bishal Ghosh,Tripura,2015-2023,31,29,7,611,51,27.77,488,125.20,0,1,1,51.0,19.0
Sridam Paul,Tripura,2021-2023,11,11,1,241,48,24.10,211,114.21,0,0,1,22.0,7.0
Samar Kazi,Tripura,2018-2022,17,16,2,305,43,21.78,269,113.38,0,0,1,25.0,8.0
Arkaprabha Sinha,Tripura,2018-2022,17,16,2,305,43,21.78,269,113.38,0,0,1,25.0,8.0
Pallab Das,Tripura,2018-2022,17,16,2,305,43,21.78,269,113.38,0,0,1,25.0,8.0
Parvez Sultan,Tripura,2018-2022,17,16,2,305,43,21.78,269,113.38,0,0,1,25.0,8.0
Rajib Saha,Tripura,2018-2022,17,16,2,305,43,21.78,269,113.38,0,0,1,25.0,8.0
Tricolor Das,Tripura,2018-2022,17,16,2,305,43,21.78,269,113.38,0,0,1,25.0,8.0
Vicky Saha,Tripura,2018-2022,17,16,2,305,43,21.78,269,113.38,0,0,1,25.0,8.0
Abhijit Sarkar,Tripura,2018-2023,19,18,2,388,51,24.25,321,120.87,0,1,1,30.0,16.0
Timir Chanda,Tripura,2007-2013,26,25,5,472,57,23.60,446,105.83,0,2,1,42.0,10.0
Udayanidhi Maran,Tripura,2018-2022,17,16,2,305,43,21.78,269,113.38,0,0,1,25.0,8.0
Joydeep Bhattacharjee,Tripura,2018-2022,17,16,2,305,43,21.78,269,113.38,0,0,1,25.0,8.0
Nirupam Sen,Tripura,2018-2022,17,16,2,305,43,21.78,269,113.38,0,0,1,25.0,8.0
Sanjay Majumder,Tripura,2018-2022,17,16,2,305,43,21.78,269,113.38,0,0,1,25.0,8.0
Subal Chowdhury,Tripura,2018-2022,17,16,2,305,43,21.78,269,113.38,0,0,1,25.0,8.0
Sourabh Majumdar,Chhattisgarh,2018-2023,19,18,2,388,51,24.25,321,120.87,0,1,1,30.0,16.0
Shahnawaz Hussain,Chhattisgarh,2018-2023,19,18,2,388,51,24.25,321,120.87,0,1,1,30.0,16.0
Sumit Sureshrao,Chhattisgarh,2018-2022,17,16,2,305,43,21.78,269,113.38,0,0,1,25.0,8.0
Rishabh Tiwari,Chhattisgarh,2018-2023,19,18,2,388,51,24.25,321,120.87,0,1,1,30.0,16.0
Vishal Kushwah,Chhattisgarh,2016-2016,7,5,1,34,15,8.50,33,103.03,0,0,1,2.0,1.0
Manoj Singh,Chhattisgarh,2018-2023,19,18,2,388,51,24.25,321,120.87,0,1,1,30.0,16.0
Pankaj Kumar Rao,Chhattisgarh,2018-2023,19,18,2,388,51,24.25,321,120.87,0,1,1,30.0,16.0
Shourabh Kharwar,Chhattisgarh,2018-2022,17,16,2,305,43,21.78,269,113.38,0,0,1,25.0,8.0
Jeevanjot Singh,Chhattisgarh,2018-2023,19,18,2,388,51,24.25,321,120.87,0,1,1,30.0,16.0
Ashutosh Singh,Chhattisgarh,2018-2023,19,18,2,388,51,24.25,321,120.87,0,1,1,30.0,16.0
Ankit Kumar,Pondicherry,2023-2023,5,5,96,16.0,0,121,5,2/21,24.20,7.56,19.2,0.0,0.0
Writtick Saha,Bengal,2018-2022,17,1,6,1.0,0,10,0,0/10,,10.00,,0.0,0.0
Shib Sankar Paul,Bengal,2007-2013,26,26,541,90.1,1,664,23,3/18,28.86,7.36,23.5,0.0,0.0
Alok Pratap Singh,Bengal,2018-2022,17,17,374,62.2,1,454,21,3/18,21.61,7.29,17.8,0.0,0.0
Kumar Deobrat,Jharkhand,2011-2018,28,2,12,2.0,0,18,0,0/18,,9.00,,0.0,0.0
Monu Kumar,Jharkhand,2016-2023,41,41,874,145.4,2,1081,47,4/21,23.00,7.42,18.5,1.0,0.0
Rahul Shukla,Jharkhand,2010-2018,28,28,611,101.5,2,724,33,4/18,21.93,7.13,18.5,1.0,0.0
Bal Krishna,Jharkhand,2018-2022,17,17,374,62.2,1,454,21,3/18,21.61,7.29,17.8,0.0,0.0
Vivek Kumar,Jharkhand,2018-2023,19,1,6,1.0,0,7,0,0/7,,7.00,,0.0,0.0
Kaushal Singh,Jharkhand,2016-2023,41,40,811,135.1,2,941,39,3/18,24.12,6.96,20.7,0.0,0.0
Daryl Ferrario,Services,2018-2023,21,1,6,1.0,0,8,0,0/8,,8.00,,0.0,0.0
Vikas Hathwala,Services,2023-2023,7,7,124,20.4,0,151,5,2/21,30.20,7.29,24.8,0.0,0.0
Pulkit Narang,Services,2015-2023,31,31,678,113.0,1,811,41,4/19,19.78,7.17,16.5,1.0,0.0
Mohit Ahlawat,Services,2015-2023,28,1,6,1.0,0,10,0,0/10,,10.00,,0.0,0.0
Nitin Tanwar,Services,2013-2018,18,1,6,1.0,0,7,0,0/7,,7.00,,0.0,0.0
Raushan Raj,Bihar,2023-2023,5,5,96,16.0,0,121,5,2/21,24.20,7.56,19.2,0.0,0.0
Harsh Singh,Bihar,2021-2023,11,11,211,35.1,0,241,11,3/21,21.90,6.85,19.1,0.0,0.0
Sakibul Gani,Bihar,2018-2023,19,11,151,25.1,0,188,8,2/21,23.50,7.47,18.8,0.0,0.0
Bipin Saurabh,Bihar,2021-2023,11,1,6,1.0,0,8,0,0/8,,8.00,,0.0,0.0
Pratap Singh,Bihar,2021-2023,11,11,211,35.1,0,241,11,3/21,21.90,6.85,19.1,0.0,0.0
Shasheem Rathour,Bihar,2021-2023,11,11,211,35.1,0,241,11,3/21,21.90,6.85,19.1,0.0,0.0
Malay Raj,Bihar,2021-2023,11,11,211,35.1,0,241,11,3/21,21.90,6.85,19.1,0.0,0.0
Anuj Raj,Bihar,2018-2023,19,19,388,64.4,0,488,21,3/18,23.23,7.55,18.4,0.0,0.0
Abhijeet Saket,Bihar,2018-2023,19,19,424,70.4,1,511,28,4/25,18.25,7.24,15.1,1.0,0.0
Suraj Kashyap,Bihar,2021-2023,11,11,211,35.1,0,241,11,3/21,21.90,6.85,19.1,0.0,0.0
Nawaz Khan,Bihar,2023-2023,5,5,96,16.0,0,121,5,2/21,24.20,7.56,19.2,0.0,0.0
Amod Yadav,Bihar,2021-2023,11,11,211,35.1,0,241,11,3/21,21.90,6.85,19.1,0.0,0.0
Rishav Raj,Bihar,2021-2023,11,11,211,35.1,0,241,11,3/21,21.90,6.85,19.1,0.0,0.0
Nishant Sindhu,Haryana,2022-2023,8,8,151,25.1,0,188,8,2/21,23.50,7.47,18.8,0.0,0.0
Kapil Hooda,Haryana,2023-2023,8,8,151,25.1,0,188,8,2/21,23.50,7.47,18.8,0.0,0.0
Rahul Dagar,Haryana,2014-2018,17,1,6,1.0,0,7,0,0/7,,7.00,,0.0,0.0
Sanjay Pahal,Haryana,2014-2018,17,17,341,56.5,1,388,14,5/21,27.71,6.84,24.3,0.0,1.0
Aman Kumar,Haryana,2022-2023,8,8,151,25.1,0,188,8,2/21,23.50,7.47,18.8,0.0,0.0
Ajit Chahal,Haryana,2022-2023,8,8,151,25.1,0,188,8,2/21,23.50,7.47,18.8,0.0,0.0
Tinu Kundu,Haryana,2018-2023,19,19,424,70.4,1,511,28,4/25,18.25,7.24,15.1,1.0,0.0
Yashu Sharma,Haryana,2023-2023,8,8,151,25.1,0,188,8,2/21,23.50,7.47,18.8,0.0,0.0
Jitesh Saroha,Haryana,2014-2018,17,1,6,1.0,0,8,0,0/8,,8.00,,0.0,0.0
Shivam Bhambri,Chandigarh,2019-2023,21,1,6,1.0,0,10,0,0/10,,10.00,,0.0,0.0
Jaskaran Singh,Chandigarh,2021-2023,11,11,211,35.1,0,241,11,3/21,21.90,6.85,19.1,0.0,0.0
Arpit Pannu,Chandigarh,2021-2023,11,11,211,35.1,0,241,11,3/21,21.90,6.85,19.1,0.0,0.0
Nikhil Thakur,Himachal Pradesh,2018-2022,17,17,341,56.5,1,388,14,5/21,27.71,6.84,24.3,0.0,1.0
Sumeet Verma,Himachal Pradesh,2015-2023,31,1,6,1.0,0,8,0,0/8,,8.00,,0.0,0.0
Abhimanyu Rana,Himachal Pradesh,2018-2022,17,1,6,1.0,0,10,0,0/10,,10.00,,0.0,0.0
Kanwar Abhinay,Himachal Pradesh,2018-2023,19,19,424,70.4,1,511,28,4/25,18.25,7.24,15.1,1.0,0.0
Vipin Sharma,Himachal Pradesh,2018-2022,17,17,341,56.5,1,388,14,5/21,27.71,6.84,24.3,0.0,1.0
Digvijay Rangi,Himachal Pradesh,2022-2023,8,8,151,25.1,0,188,8,2/21,23.50,7.47,18.8,0.0,0.0
Mayank Mishra,Uttarakhand,2018-2023,28,28,611,101.5,2,724,33,4/18,21.93,7.13,18.5,1.0,0.0
Akshay Rana,Uttarakhand,2018-2022,17,17,341,56.5,1,388,14,5/21,27.71,6.84,24.3,0.0,1.0
Kamal Singh,Uttarakhand,2018-2023,19,1,6,1.0,0,7,0,0/7,,7.00,,0.0,0.0
Dhanraj Sharma,Uttarakhand,2018-2022,17,17,341,56.5,1,388,14,5/21,27.71,6.84,24.3,0.0,1.0
Sunny Rana,Uttarakhand,2018-2023,19,19,424,70.4,1,511,28,4/25,18.25,7.24,15.1,1.0,0.0
Rajan Kumar,Uttarakhand,2022-2023,8,8,151,25.1,0,188,8,2/21,23.50,7.47,18.8,0.0,0.0
Agrim Tiwari,Uttarakhand,2022-2023,8,8,151,25.1,0,188,8,2/21,23.50,7.47,18.8,0.0,0.0
Nikhil Kohli,Uttarakhand,2018-2022,17,17,341,56.5,1,388,14,5/21,27.71,6.84,24.3,0.0,1.0
Deepesh Nainwal,Uttarakhand,2018-2022,17,17,341,56.5,1,388,14,5/21,27.71,6.84,24.3,0.0,1.0
Girish Rauturi,Uttarakhand,2018-2023,19,19,424,70.4,1,511,28,4/25,18.25,7.24,15.1,1.0,0.0
Madhav Kaushik,Uttar Pradesh,2021-2023,11,1,6,1.0,0,8,0,0/8,,8.00,,0.0,0.0
Almas Shaukat,Uttar Pradesh,2015-2019,18,1,6,1.0,0,10,0,0/10,,10.00,,0.0,0.0
Shivam Singh,Uttar Pradesh,2018-2023,19,1,6,1.0,0,7,0,0/7,,7.00,,0.0,0.0
Yashovardhan Singh,Uttar Pradesh,2021-2023,11,1,6,1.0,0,8,0,0/8,,8.00,,0.0,0.0
Ankit Chaudhary,Uttar Pradesh,2018-2022,17,17,341,56.5,1,388,14,5/21,27.71,6.84,24.3,0.0,1.0
Shanu Saini,Uttar Pradesh,2018-2022,17,17,341,56.5,1,388,14,5/21,27.71,6.84,24.3,0.0,1.0
Boby Yadav,Uttar Pradesh,2018-2022,17,17,341,56.5,1,388,14,5/21,27.71,6.84,24.3,0.0,1.0
Aaqib Khan,Uttar Pradesh,2018-2023,19,19,424,70.4,1,511,28,4/25,18.25,7.24,15.1,1.0,0.0
Prasad Pawar,Mumbai,2018-2023,19,1,6,1.0,0,7,0,0/7,,7.00,,0.0,0.0
Prashant Solanki,Mumbai,2021-2023,11,11,211,35.1,0,241,11,3/21,21.90,6.85,19.1,0.0,0.0
Sairaj Patil,Mumbai,2018-2023,19,19,424,70.4,1,511,28,4/25,18.25,7.24,15.1,1.0,0.0
Royston Dias,Mumbai,2018-2023,19,19,424,70.4,1,511,28,4/25,18.25,7.24,15.1,1.0,0.0
Parikshit Valsangkar,Mumbai,2018-2023,19,19,424,70.4,1,511,28,4/25,18.25,7.24,15.1,1.0,0.0
Deepak Shetty,Mumbai,2021-2023,11,11,211,35.1,0,241,11,3/21,21.90,6.85,19.1,0.0,0.0
Khizar Dafedar,Mumbai,2021-2023,11,11,211,35.1,0,241,11,3/21,21.90,6.85,19.1,0.0,0.0
Suryansh Shedge,Mumbai,2023-2023,10,1,6,1.0,0,8,0,0/8,,8.00,,0.0,0.0
Musheer Khan,Mumbai,2023-2023,10,10,188,31.2,0,241,9,2/18,26.77,7.70,20.8,0.0,0.0
Pranav Kela,Mumbai,2023-2023,10,1,6,1.0,0,10,0,0/10,,10.00,,0.0,0.0
Sylvester Dsouza,Mumbai,2023-2023,10,10,188,31.2,0,241,9,2/18,26.77,7.70,20.8,0.0,0.0
Chinmay Sutar,Mumbai,2018-2023,19,1,6,1.0,0,7,0,0/7,,7.00,,0.0,0.0
Jayesh Pokhare,Maharashtra,2021-2023,11,11,211,35.1,0,241,11,3/21,21.90,6.85,19.1,0.0,0.0
Zeeshan Ansari,Uttar Pradesh,2016-2023,33,7,128,21.2,0,132,44,2/8,3.00,6.28,2.9,0.0,0.0
Harsh Tyagi,Delhi,2019-2023,26,25,523,87.1,0,531,44,2/10,12.07,6.09,11.89,0.0,0.0
Sumit Kumar,Jharkhand,2016-2023,23,23,529,88.1,0,553,44,3/12,12.57,6.27,12.02,0.0,0.0
Satyajeet Bachhav,Maharashtra,2014-2023,40,40,934,155.4,0,999,48,3/16,20.81,6.42,19.46,0.0,0.0
Mohit Sharma,Haryana,2011-2023,43,43,966,161.0,0,1014,45,3/14,22.53,6.30,21.47,0.0,0.0
Mehul Patel,Baroda,2018-2023,13,10,193,32.1,0,211,45,2/12,4.69,6.56,4.29,0.0,0.0
Jayant Yadav,Haryana,2011-2023,58,56,1211,201.5,1,1391,46,3/18,30.24,6.89,26.33,0.0,0.0
Abhishek Bhatt,Uttarakhand,2018-2023,21,13,217,36.1,0,234,44,2/11,11.32,6.47,9.93,0.0,0.0
Irshad Ahmed,Hyderabad,2018-2021,16,15,325,54.1,0,347,43,3/8,8.07,6.41,7.56,0.0,0.0
Ajit Chandila,Rajasthan,2011-2013,19,19,454,75.4,1,548,48,3/21,11.41,7.24,9.46,0.0,0.0
Sohail Khan,Mumbai,2008-2017,42,42,850,141.2,1,1040,49,3/18,21.22,7.34,17.35,0.0,0.0
Ashutosh Aman,Bihar,2017-2023,29,28,607,101.1,0,672,38,3/12,17.68,6.65,15.97,0.0,0.0
Nikhil Chaudhari,Baroda,2017-2023,25,7,126,21.0,0,136,43,2/11,3.16,6.47,2.93,0.0,0.0