Player,Team,Span,Mat,Inns,NO,Runs,HS,Ave,BF,SR,100,50,0,4s,6s
AS Joseph,Kerala,2007-2013,44,43,2,1102.0,96,26.87,987,111.65,0.0,7.0,3.0,94,30
Aaqib Khan,Uttar Pradesh,2018-2023,19,11,5,88.0,29,14.66,66,133.33,0.0,0.0,1.0,7,4
Aarya Desai,Gujarat,2023-2023,6,6,0,24.0,8,4.0,44,54.54,0.0,0.0,3.0,2,0
Aashish Kapoor,Tamil Nadu,2007-2007,4,3,1,24.0,14,12.0,28,85.71,0.0,0.0,0.0,1,0
Abdul Samad,Jammu & Kashmir,2019-2023,29,27,8,841.0,68,44.26,541,155.45,0.0,5.0,1.0,61,55
Abhijeet Saket,Bihar,2018-2023,19,11,5,88.0,29,14.66,66,133.33,0.0,0.0,1.0,7,4
Abhijeet Tomar,Rajasthan,2019-2023,22,21,2,543.0,62,28.57,461,117.78,0.0,3.0,1.0,51,13
Abhijit Salvi,Mumbai,2007-2007,4,2,2,4.0,4*,,4,100.00,0.0,0.0,1.0,0,0
Abhimanyu Easwaran,Bengal,2013-2023,27,27,2,689.0,65,27.56,588,117.17,0.0,4.0,1.0,69,17
Abhimanyu Mithun,Karnataka,2010-2021,55,27,14,249.0,34,19.15,168,148.21,0.0,0.0,3.0,17,16
Abhimanyu Rana,Himachal Pradesh,2018-2022,17,16,2,305.0,43,21.78,269,113.38,0.0,0.0,1.0,25,8
Abhinav Manohar,Karnataka,2021-2023,19,17,6,441.0,70*,40.09,291,151.54,0.0,3.0,1.0,33,23
Abhinav Mukund,Tamil Nadu,2007-2019,43,42,4,1030.0,81*,27.1,911,113.06,0.0,6.0,2.0,112,13
Abhishek Goswami,Uttar Pradesh,2018-2023,19,18,2,388.0,51,24.25,321,120.87,0.0,1.0,1.0,30,16
Abhishek Nayar,Puducherry,2007-2018,63,55,16,1161.0,76*,29.76,960,120.93,0.0,7.0,1.0,98,42
Abhishek Sharma,Punjab,2018-2023,61,58,7,1613.0,112,31.62,1091,147.84,1.0,9.0,4.0,131,89
Abhishek Porel,Bengal,2021-2024,28,26,5,622,77*,29.62,471,132.01,0,5,3,48,19
Aditya Kaushik,Goa,2018-2021,15,15,1,311.0,53,22.21,278,111.87,0.0,1.0,1.0,29,8
Aditya Shrivastava,Madhya Pradesh,2015-2018,17,16,2,305.0,43,21.78,269,113.38,0.0,0.0,1.0,25,8
Aditya Tare,Mumbai,2010-2023,80,72,13,1788.0,82*,30.3,1326,134.84,0.0,11.0,3.0,175,56
Aditya Waghmode,Baroda,2011-2021,39,38,3,899.0,77,25.68,811,110.85,0.0,5.0,2.0,93,20
Agniv Pan,Bengal,2018-2023,26,24,4,501.0,64,25.05,418,119.85,0.0,2.0,2.0,45,13
Agrim Tiwari,Uttarakhand,2022-2023,8,5,1,80.0,27,16.0,87,91.95,0.0,0.0,0.0,7,2
Ajay Jadeja,Haryana,2013-2013,6,6,0,94.0,31,15.66,88,106.81,0.0,0.0,0.0,8,3
Ajay Mandal,Chhattisgarh,2018-2023,31,26,9,411.0,51,24.17,321,128.03,0.0,1.0,1.0,30,16
Ajinkya Rahane,Mumbai,2007-2023,87,84,12,2439.0,113,33.87,1894,128.77,1.0,18.0,5.0,256,62
Ajit Agarkar,Mumbai,2007-2013,37,29,10,432.0,52*,22.73,306,141.17,0.0,1.0,1.0,30,22
Ajit Chahal,Haryana,2022-2023,8,5,1,80.0,25,16.0,87,91.95,0.0,0.0,0.0,7,2
Ajit Chandila,Rajasthan,2011-2013,19,9,4,55.0,18,11.0,49,112.24,0.0,0.0,1.0,4,2
Akash Luitel,Sikkim,2022-2023,10,9,2,101.0,31,14.42,98,103.06,0.0,0.0,1.0,8,3
Akash Parkar,Mumbai,2017-2020,23,17,7,219.0,42*,21.9,172,127.32,0.0,0.0,1.0,18,8
Akash Vasisht,Himachal Pradesh,2019-2023,28,25,7,488.0,76*,27.11,368,132.60,0.0,2.0,1.0,41,19
Akhil Herwadkar,Nagaland,2015-2022,31,30,1,721.0,78,24.86,645,111.78,0.0,4.0,2.0,71,18
Akhil Sahai,Bihar,2018-2022,16,15,2,288.0,48,22.15,266,108.27,0.0,0.0,1.0,25,7
Akshay Darekar,Maharashtra,2011-2016,29,13,8,48.0,15,9.6,54,88.88,0.0,0.0,3.0,2,1
Akshay Rana,Uttarakhand,2018-2022,17,16,2,305.0,43,21.78,269,113.38,0.0,0.0,1.0,25,8
Akshay Wakhare,Vidarbha,2007-2023,59,26,15,123.0,23,11.18,118,104.23,0.0,0.0,5.0,6,3
Akshdeep Nath,Uttar Pradesh,2012-2023,61,53,15,1269.0,91,33.39,997,127.28,0.0,7.0,2.0,101,48
Alankrit Jangid,Rajasthan,2015-2016,8,7,2,81.0,25,16.2,75,108.00,0.0,0.0,0.0,7,2
Almas Shaukat,Uttar Pradesh,2015-2019,18,17,1,345.0,52,21.56,311,110.93,0.0,1.0,1.0,31,9
Alok Chandra,Bihar,2018-2021,11,9,3,99.0,31,16.5,91,108.79,0.0,0.0,1.0,8,3
Alok Pratap Singh,Bengal,2018-2022,17,16,2,305.0,43,21.78,269,113.38,0.0,0.0,1.0,25,8
Alok Sahoo,Odisha,2011-2015,19,17,4,201.0,38,15.46,188,106.91,0.0,0.0,1.0,16,7
Aman Hakim Khan,Mumbai,2021-2023,21,18,7,301.0,43*,27.36,211,142.65,0.0,0.0,1.0,22,18
Aman Khan,Mumbai,2021-2023,21,18,7,301.0,43*,27.36,211,142.65,0.0,0.0,1.0,22,18
Aman Kumar,Haryana,2022-2023,8,6,1,85.0,27,14.16,87,97.70,0.0,0.0,0.0,7,3
Aman Sharma,Jammu & Kashmir,2018-2019,10,9,1,151.0,33,18.87,138,109.42,0.0,0.0,1.0,10,4
Amar Choudhary,Gujarat,2012-2015,11,6,3,21.0,11,7.0,22,95.45,0.0,0.0,1.0,1,1
Ambati Rayudu,Andhra,2010-2023,73,69,15,1789.0,87*,33.12,1391,128.61,0.0,10.0,2.0,142,70
Amir Gani,Bengal,2016-2023,29,19,8,188.0,36,17.09,155,121.29,0.0,0.0,2.0,14,7
Amit Kumar,Meghalaya,2018-2022,18,17,1,345.0,52,21.56,311,110.93,0.0,1.0,1.0,31,9
Amit Mishra,Haryana,2007-2023,90,56,20,622.0,54,17.27,552,112.68,0.0,1.0,6.0,40,22
Amit Paunikar,Vidarbha,2010-2018,48,48,2,1099.0,86,23.89,951,115.56,0.0,6.0,4.0,121,21
Amit Uniyal,Punjab,2007-2015,26,14,7,57.0,17,8.14,64,89.06,0.0,0.0,3.0,4,1
Amit Verma,Karnataka,2007-2019,69,61,13,1309.0,74*,27.27,1093,119.76,0.0,7.0,2.0,99,40
Amit Yadav,Goa,2011-2018,33,24,9,241.0,39,16.06,222,108.55,0.0,0.0,2.0,19,8
Amod Yadav,Bihar,2021-2023,11,11,1,241.0,48,24.1,211,114.21,0.0,0.0,1.0,22,7
Amol Muzumdar,Assam,2007-2014,28,28,3,569.0,55,22.76,536,106.15,0.0,2.0,2.0,54,10
Amritpal Singh,Punjab,2011-2015,19,16,6,151.0,33,15.1,138,109.42,0.0,0.0,1.0,10,4
Anand Rajan,Madhya Pradesh,2009-2018,34,16,7,90.0,21,10.0,82,109.75,0.0,0.0,4.0,6,3
Anand Singh,Bihar,2018-2022,16,15,2,288.0,48,22.15,266,108.27,0.0,0.0,1.0,25,7
Angkrish Raghuvanshi,Mumbai,2023-2023,10,10,0,336.0,73,33.6,212,158.49,0.0,2.0,0.0,31,18
Aniket Sharma,Rajasthan,2018-2022,17,16,2,305.0,43,21.78,269,113.38,0.0,0.0,1.0,25,8
Anil Prasad,Kerala,2007-2012,32,30,6,734.0,70,30.58,619,118.57,0.0,5.0,1.0,69,22
Anirban Gupta,Tripura,2009-2014,19,18,2,288.0,48,18.0,277,103.97,0.0,0.0,1.0,25,7
Aniruddha Joshi,Karnataka,2015-2022,46,39,11,852.0,64*,30.42,618,137.86,0.0,3.0,1.0,58,45
Anirudh Chaudhari,Services,2013-2018,21,20,1,419.0,65,22.05,361,116.06,0.0,2.0,1.0,38,11
Anirudh Singh,Hyderabad,2007-2016,42,38,7,787.0,63,25.38,698,112.75,0.0,4.0,1.0,64,23
Ankeet Bawne,Maharashtra,2012-2023,64,57,14,1301.0,70*,30.25,1088,119.57,0.0,5.0,3.0,98,41
Ankit Chaudhary,Uttar Pradesh,2018-2022,17,16,2,305.0,43,21.78,269,113.38,0.0,0.0,1.0,25,8
Ankit Kaushik,Chandigarh,2015-2023,41,38,8,812.0,72,27.06,681,119.23,0.0,4.0,2.0,72,24
Ankit Kumar,Bihar,2019-2023,27,27,1,725.0,72*,27.88,574,126.30,0.0,4.0,3.0,70,22
Ankit Kushwah,Madhya Pradesh,2016-2016,7,5,1,34.0,15,8.5,33,103.03,0.0,0.0,1.0,2,1
Ankit Lamba,Nagaland,2013-2023,61,59,7,1636.0,104*,31.46,1348,121.36,1.0,10.0,7.0,148,46
Ankit Manor,Uttarakhand,2019-2023,22,21,2,543.0,62,28.57,461,117.78,0.0,3.0,1.0,51,13
Ankit Manori,Uttarakhand,2019-2023,22,21,2,543.0,62,28.57,461,117.78,0.0,3.0,1.0,51,13
Ankit Rajpoot,Uttar Pradesh,2013-2023,59,21,11,101.0,25,10.1,91,110.98,0.0,0.0,5.0,7,4
Ankit Sharma,Puducherry,2010-2021,78,63,16,1120.0,91,23.82,827,135.42,0.0,5.0,6.0,90,51
Ankit Srivastava,Mizoram,2010-2021,57,51,7,1051.0,75,23.88,899,116.90,0.0,5.0,2.0,90,29
Ankush Bains,Himachal Pradesh,2014-2023,61,59,2,1524.0,82*,26.73,1199,127.10,0.0,10.0,6.0,152,43
Ankush Tyagi,Delhi,2018-2022,17,16,2,305.0,43,21.78,269,113.38,0.0,0.0,1.0,25,8
Anmol Malhotra,Chandigarh,2021-2023,19,17,6,441.0,70*,40.09,291,151.54,0.0,3.0,1.0,33,23
Anmolpreet Singh,Punjab,2018-2023,41,40,4,904.0,100*,25.11,718,125.90,1.0,5.0,2.0,91,29
Anshul Gupta,Services,2013-2023,38,38,1,894.0,71,23.52,781,114.46,0.0,5.0,3.0,91,19
Anshul Kamboj,Haryana,2022-2023,10,7,2,141.0,35,28.2,98,143.87,0.0,0.0,0.0,11,8
Anshuman Rath,Odisha,2023-2023,7,7,1,181.0,65,30.16,151,119.86,0.0,1.0,0.0,15,6
Anuj Raj,Bihar,2018-2023,19,18,2,388.0,51,24.25,321,120.87,0.0,1.0,1.0,30,16
Anuj Rawat,Delhi,2017-2023,43,39,6,988.0,88,29.93,741,133.33,0.0,6.0,2.0,79,45
Anureet Singh,Railways,2009-2022,56,31,14,228.0,33,13.41,188,121.27,0.0,0.0,4.0,16,9
Anustup Majumdar,Bengal,2010-2023,58,52,10,1133.0,72*,26.97,975,116.20,0.0,6.0,5.0,98,24
Aparajith Hegde,Karnataka,2007-2008,5,5,1,81.0,31,20.25,75,108.00,0.0,0.0,0.0,7,2
Apoorv Wankhade,Maharashtra,2013-2023,61,53,10,1114.0,83,25.9,838,132.93,0.0,4.0,2.0,78,57
Arafat Khan,Rajasthan,2022-2023,8,6,1,55.0,24,11.0,55,100.00,0.0,0.0,0.0,4,1
Arish Alam Kazi,Karnataka,2012-2023,60,47,19,776.0,74,27.71,595,130.42,0.0,2.0,2.0,55,41
Arjit Gupta,Uttar Pradesh,2013-2021,43,41,3,991.0,89,26.07,842,117.69,0.0,6.0,4.0,82,31
Arjun Hoysala,Karnataka,2015-2018,17,16,2,305.0,43,21.78,269,113.38,0.0,0.0,1.0,25,8
Arjun Tendulkar,Goa,2021-2023,14,9,4,89.0,24,17.8,71,125.35,0.0,0.0,2.0,7,4
Arpit Guleria,Himachal Pradesh,2016-2023,29,19,8,188.0,36,17.09,155,121.29,0.0,0.0,2.0,14,7
Arpit Pannu,Chandigarh,2021-2023,11,11,1,241.0,48,24.1,211,114.21,0.0,0.0,1.0,22,7
Arpit Rana,Delhi,2018-2022,17,16,2,305.0,43,21.78,269,113.38,0.0,0.0,1.0,25,8
Arpit Vasavada,Saurashtra,2011-2023,62,54,19,1202.0,75*,34.34,972,123.66,0.0,5.0,1.0,92,38
Arun Chaprana,Haryana,2015-2023,31,26,9,411.0,51,24.17,321,128.03,0.0,1.0,1.0,30,16
Arun Karthick,Puducherry,2007-2023,81,77,7,2049.0,112,29.27,1596,128.38,1.0,12.0,7.0,185,63
Arup Das,Assam,2013-2021,37,21,13,173.0,34*,21.62,139,124.46,0.0,0.0,2.0,12,9
Aryan Juyal,Uttar Pradesh,2019-2023,22,21,2,543.0,62,28.57,461,117.78,0.0,3.0,1.0,51,13
Asad Pathan,Goa,2010-2016,29,29,2,637.0,74,23.59,516,123.44,0.0,4.0,2.0,55,27
Ashay Palkar,Maharashtra,2019-2023,21,18,7,301.0,43*,27.36,211,142.65,0.0,0.0,1.0,22,18
Ashish Kumar,Jharkhand,2019-2023,24,14,7,117.0,39,16.71,85,137.64,0.0,0.0,1.0,7,8
Ashish Nehra,Delhi,2007-2013,26,25,5,472.0,57,23.6,446,105.83,0.0,2.0,1.0,42,10
Ashish Reddy,Nagaland,2011-2019,74,62,21,1185.0,75*,28.9,830,142.77,0.0,2.0,2.0,71,68
Ashish Winston Zaidi,Uttar Pradesh,2007-2007,4,3,1,19.0,12,9.5,18,105.55,0.0,0.0,0.0,1,1
Ashok Dinda,Bengal,2007-2020,80,41,20,250.0,27,11.9,233,107.29,0.0,0.0,8.0,18,11
Ashok Menaria,Rajasthan,2010-2023,69,63,12,1432.0,87,28.07,1184,120.94,0.0,9.0,4.0,103,55
Ashutosh Aman,Bihar,2018-2022,16,15,2,288.0,48,22.15,266,108.27,0.0,0.0,1.0,25,7
Ashutosh Sharma,Railways,2018-2023,21,20,1,419.0,65,22.05,361,116.06,0.0,2.0,1.0,38,11
Asif Ali,Services,2013-2018,21,20,1,419.0,65,22.05,361,116.06,0.0,2.0,1.0,38,11
Asif Khan,Uttar Pradesh,2015-2018,17,16,2,305.0,43,21.78,269,113.38,0.0,0.0,1.0,25,8
Atharva Kale,Maharashtra,2021-2023,11,11,1,241.0,48,24.1,211,114.21,0.0,0.0,1.0,22,7
Atharva Taide,Vidarbha,2018-2023,35,34,2,854.0,77,26.68,661,129.19,0.0,5.0,2.0,81,31
Atit Sheth,Baroda,2016-2023,39,31,10,488.0,51,23.23,368,132.60,0.0,1.0,1.0,41,19
Atul Singh,Services,2013-2018,21,20,1,419.0,65,22.05,361,116.06,0.0,2.0,1.0,38,11
Avanish Singh,Railways,2016-2020,19,17,4,260.0,49,20.0,229,113.53,0.0,0.0,1.0,20,7
Avesh Khan,Madhya Pradesh,2018-2023,37,17,10,123.0,29*,17.57,84,146.42,0.0,0.0,2.0,8,9
Avi Barot,Saurashtra,2011-2021,38,36,3,812.0,93,24.6,611,132.89,1.0,4.0,2.0,79,35
Avinash Kumar,Railways,2016-2020,19,17,4,260.0,49,20.0,229,113.53,0.0,0.0,1.0,20,7
Avinash Yadav,Railways,2013-2023,40,24,12,192.0,37,16.0,165,116.36,0.0,0.0,2.0,11,7
Avneesh Sudha,Uttarakhand,2021-2023,15,1,6,1.0,0,8.0,0,0/8,,8.0,,0,0
Ayush Badoni,Delhi,2021-2023,21,18,7,301.0,43*,27.36,211,142.65,0.0,0.0,1.0,22,18
Ayush Jamwal,Himachal Pradesh,2019-2023,28,25,7,488.0,76*,27.11,368,132.60,0.0,2.0,1.0,41,19
Azharuddin Ahamad,Rajasthan,2009-2016,33,31,4,749.0,85,27.74,629,119.07,0.0,5.0,3.0,71,21
Baba Aparajith,Tamil Nadu,2013-2023,64,60,10,1386.0,90*,27.72,1228,112.86,0.0,7.0,3.0,118,36
Baba Indrajith,Tamil Nadu,2013-2023,48,44,10,1014.0,80,29.82,852,119.01,0.0,6.0,3.0,81,29
Babul Fepsi,Bihar,2018-2022,16,15,2,288.0,48,22.15,266,108.27,0.0,0.0,1.0,25,7
Babul Kumar,Bihar,2018-2023,28,28,2,699.0,61,26.88,614,113.84,0.0,4.0,1.0,63,16
Bal Krishna,Jharkhand,2018-2022,17,16,2,305.0,43,21.78,269,113.38,0.0,0.0,1.0,25,8
Balchander Anirudh,Hyderabad,2015-2023,31,30,1,721.0,78,24.86,645,111.78,0.0,4.0,2.0,71,18
Baltej Singh,Punjab,2014-2023,38,12,8,39.0,12*,9.75,41,95.12,0.0,0.0,2.0,3,1
Bandaru Ayyappa,Andhra,2015-2023,37,26,9,411.0,51,24.17,321,128.03,0.0,1.0,1.0,30,16
Bansal,Services,2013-2018,21,20,1,419.0,65,22.05,361,116.06,0.0,2.0,1.0,38,11
Basant Mohanty,Odisha,2007-2018,29,19,8,188.0,36,17.09,155,121.29,0.0,0.0,2.0,14,7
Basil Thampi,Kerala,2014-2023,54,23,11,118.0,26*,9.83,99,119.19,0.0,0.0,5.0,8,6
Bhagmender Lather,Chandigarh,2021-2023,11,11,1,241.0,48,24.1,211,114.21,0.0,0.0,1.0,22,7
Bharat Chipli,Goa,2007-2019,61,59,10,1487.0,103*,30.34,1217,122.18,1.0,8.0,1.0,139,49
Bhargav Bhatt,Baroda,2011-2023,43,21,11,123.0,22,12.3,113,108.84,0.0,0.0,3.0,7,4
Bhargav Merai,Gujarat,2011-2023,61,56,11,1292.0,70,28.71,1089,118.64,0.0,6.0,1.0,111,34
Bhavanaka Sandeep,Hyderabad,2011-2023,59,54,11,1292.0,70,30.04,1089,118.64,0.0,6.0,1.0,111,34
Bhavin Thakkar,Mumbai,2007-2018,41,40,4,904.0,71*,25.11,818,110.51,0.0,5.0,2.0,91,16
Bhuvneshwar Kumar,Uttar Pradesh,2009-2023,81,31,16,199.0,28,13.26,168,118.45,0.0,0.0,5.0,15,7
Bibhakar,Bihar,2018-2021,11,9,3,99.0,31,16.5,91,108.79,0.0,0.0,1.0,8,3
Bikash Samal,Odisha,2007-2015,31,30,5,616.0,63,24.64,557,110.59,0.0,4.0,0.0,60,11
Bipin Saurabh,Bihar,2021-2023,11,11,1,241.0,48,24.1,211,114.21,0.0,0.0,1.0,22,7
Biplab Samantray,Odisha,2011-2023,67,61,15,1387.0,89,30.15,1165,119.05,0.0,7.0,5.0,101,42
Bobby Yadav,Madhya Pradesh,2009-2015,19,16,6,151.0,33,15.1,138,109.42,0.0,0.0,1.0,10,4
Bobby Zothansanga,Mizoram,2019-2023,15,14,6,111.0,29,13.87,99,112.12,0.0,0.0,1.0,9,4
Boby Yadav,Uttar Pradesh,2018-2022,17,16,2,305.0,43,21.78,269,113.38,0.0,0.0,1.0,25,8
Bodapati Sumanth,Andhra,2012-2023,50,44,11,878.0,62*,26.6,724,121.27,0.0,3.0,2.0,62,35
Briejesh Kumar,Bihar,2018-2021,11,9,3,99.0,31,16.5,91,108.79,0.0,0.0,1.0,8,3
Bunti Roy,Tripura,2009-2014,19,18,2,288.0,48,18.0,277,103.97,0.0,0.0,1.0,25,7
C V Stephen,Andhra,2015-2023,37,26,9,411.0,51,24.17,321,128.03,0.0,1.0,1.0,30,16
CM Gautam,Goa,2007-2019,65,56,12,1228.0,85*,27.9,1023,120.03,0.0,6.0,3.0,109,34
Chaitanya Bishnoi,Haryana,2013-2023,55,54,4,1428.0,76,28.56,1213,117.72,0.0,10.0,2.0,136,36
Chaitanya Reddy,Andhra,2015-2023,37,26,9,411.0,51,24.17,321,128.03,0.0,1.0,1.0,30,16
Chama Milind,Hyderabad,2014-2023,41,24,10,229.0,37,16.35,178,128.65,0.0,0.0,4.0,17,10
Chandan Kumar,Bihar,2018-2021,11,9,3,99.0,31,16.5,91,108.79,0.0,0.0,1.0,8,3
Chandan Singh,Services,2013-2018,21,20,1,419.0,65,22.05,361,116.06,0.0,2.0,1.0,38,11
Chandrakant Mali,Maharashtra,2013-2018,21,20,2,471.0,67,26.16,389,121.08,0.0,3.0,1.0,40,16
Chandrakant Sakure,Madhya Pradesh,2016-2020,24,10,5,44.0,14,8.8,33,133.33,0.0,0.0,2.0,3,2
Chandrapal Singh,Sikkim,2022-2023,10,9,2,101.0,31,14.42,98,103.06,0.0,0.0,1.0,8,3
Chetan Bist,Nagaland,2018-2022,18,17,1,345.0,52,21.56,311,110.93,0.0,1.0,1.0,31,9
Chetan Madan,Nagaland,2007-2016,56,49,11,1021.0,80,26.86,881,115.89,0.0,5.0,3.0,92,27
Chetan Sharma,Punjab,2011-2015,19,16,6,151.0,33,15.1,138,109.42,0.0,0.0,1.0,10,4
Chetanya Nanda,Delhi,2007-2010,12,11,3,121.0,31,15.12,115,105.21,0.0,0.0,1.0,9,3
Cheteshwar Pujara,Saurashtra,2007-2022,64,63,7,1356.0,81,24.21,1234,109.88,0.0,7.0,5.0,138,29
Chinmay Sutar,Mumbai,2018-2023,19,18,2,388.0,51,24.25,321,120.87,0.0,1.0,1.0,30,16
Chintan Gaja,Gujarat,2018-2023,31,19,8,188.0,36,17.09,155,121.29,0.0,0.0,2.0,14,7
Chirag Gandhi,Gujarat,2012-2023,52,43,14,888.0,66*,30.62,698,127.22,0.0,3.0,1.0,64,36
Chirag Jani,Saurashtra,2012-2023,58,49,17,847.0,53*,26.46,681,124.37,0.0,1.0,3.0,61,35
Chirag Khurana,Maharashtra,2013-2023,44,40,4,845.0,63,23.47,748,112.96,0.0,4.0,3.0,72,21
Chirag Singh,Services,2013-2018,21,20,1,419.0,65,22.05,361,116.06,0.0,2.0,1.0,38,11
Darshan Misal,Goa,2013-2023,51,48,12,875.0,64,24.3,738,118.56,0.0,3.0,2.0,65,31
Daryl Ferrario,Services,2018-2023,21,20,1,419.0,65,22.05,361,116.06,0.0,2.0,1.0,38,11
Debabrata Das,Bengal,2007-2016,42,39,8,812.0,72,26.19,681,119.23,0.0,4.0,2.0,72,24
Debabrata Pradhan,Odisha,2009-2018,48,42,12,569.0,45*,18.96,444,128.15,0.0,0.0,5.0,37,30
Debasis Mohanty,Odisha,2007-2009,8,7,2,42.0,15,8.4,45,93.33,0.0,0.0,1.0,2,1
Deepak Behera,Odisha,2009-2018,44,36,11,440.0,44,17.6,378,116.40,0.0,0.0,4.0,30,16
Deepak Chahar,Rajasthan,2010-2023,69,42,13,443.0,55,15.27,314,141.08,0.0,1.0,4.0,26,26
Deepak Hooda,Rajasthan,2013-2023,87,80,18,2068.0,109,33.35,1429,144.71,1.0,13.0,6.0,150,91
Deepak Jaglan,Services,2023-2023,7,7,1,133.0,40,22.16,110,120.90,0.0,0.0,0.0,11,4
Deepak Punia,Haryana,2016-2023,34,27,8,441.0,55,23.21,342,128.94,0.0,1.0,1.0,30,22
Deepak Shetty,Mumbai,2021-2023,11,11,1,241.0,48,24.1,211,114.21,0.0,0.0,1.0,22,7
Deepesh Nainwal,Uttarakhand,2018-2022,17,16,2,305.0,43,21.78,269,113.38,0.0,0.0,1.0,25,8
Dev Lakra,Delhi,2022-2023,8,6,1,50.0,21,10.0,55,90.90,0.0,0.0,0.0,4,1
Devdutt Padikkal,Karnataka,2019-2023,41,41,4,1596.0,122*,43.13,1073,148.74,2.0,12.0,3.0,156,66
Dewang Gandhi,Bengal,2007-2007,5,5,0,84.0,41,16.8,85,98.82,0.0,0.0,0.0,9,1
Dhanraj Sharma,Uttarakhand,2018-2022,17,16,2,305.0,43,21.78,269,113.38,0.0,0.0,1.0,25,8
Dhawal Kulkarni,Mumbai,2007-2023,95,43,23,313.0,33,15.65,263,119.01,0.0,0.0,7.0,24,11
Dhruv Jurel,Uttar Pradesh,2021-2023,15,13,4,384.0,79,42.66,248,154.83,0.0,2.0,0.0,29,21
Dhruv Shorey,Delhi,2015-2023,54,53,6,1284.0,81,27.31,1144,112.23,0.0,8.0,3.0,124,19
Digvijay Deshmukh,Maharashtra,2019-2023,17,13,4,241.0,41,26.77,155,155.48,0.0,0.0,1.0,18,14
Digvijay Rangi,Himachal Pradesh,2022-2023,8,8,0,70.0,25,8.75,87,80.45,0.0,0.0,1.0,6,2
Dikshanshu Negi,Uttarakhand,2015-2023,44,39,10,816.0,77*,28.13,648,125.92,0.0,4.0,1.0,58,32
Dinesh Karthik,Tamil Nadu,2007-2023,109,99,32,2543.0,91,37.95,1662,153.00,0.0,14.0,3.0,219,98
Dinesh Mongia,Punjab,2007-2007,4,4,1,104.0,49,34.66,93,111.82,0.0,0.0,0.0,11,1
Dishant Yagnik,Rajasthan,2011-2018,28,27,541,90.1,1,664.0,23,3/18,28.86,7.36,23.5,0,0
Divyang Hinganekar,Maharashtra,2018-2023,19,18,2,388.0,51,24.25,321,120.87,0.0,1.0,1.0,30,16
Doddapaneni Kalyankrishna,Andhra,2007-2012,25,20,7,171.0,32,13.15,155,110.32,0.0,0.0,2.0,12,6
Dwaraka Ravi Teja,Meghalaya,2007-2019,78,74,17,1771.0,76*,31.07,1496,118.38,0.0,10.0,4.0,147,44
Ekant Sen,Himachal Pradesh,2015-2023,31,29,7,611.0,51,27.77,488,125.20,0.0,1.0,1.0,51,19
Eklavya Dwivedi,Uttar Pradesh,2011-2018,48,45,11,922.0,67*,27.11,739,124.76,0.0,4.0,4.0,77,41
Eknath Kerkar,Goa,2018-2023,21,19,5,411.0,44,29.35,341,120.52,0.0,0.0,1.0,35,11
Faisal Ahmed,Assam,2010-2016,33,26,11,281.0,51,18.73,211,133.17,0.0,1.0,1.0,18,16
Faiz Fazal,Vidarbha,2007-2021,66,65,5,1486.0,72,24.76,1301,114.22,0.0,7.0,5.0,160,24
Fazil Rashid,Jammu & Kashmir,2018-2019,6,4,1,8.0,4,2.66,22,36.36,0.0,0.0,2.0,0,0
Gagan Khoda,Rajasthan,2007-2013,26,25,5,472.0,57,23.6,446,105.83,0.0,2.0,1.0,42,10
Gagandeep Singh,Punjab,2012-2021,43,38,12,572.0,58,21.99,444,128.82,0.0,1.0,1.0,41,27
Gajraj Singh,Rajasthan,2018-2022,17,16,2,305.0,43,21.78,269,113.38,0.0,0.0,1.0,25,8
Ganesh Satish,Vidarbha,2010-2015,31,29,3,739.0,69,28.42,654,112.99,0.0,6.0,2.0,71,20
Gaurav Chhabra Singh,Punjab,2010-2016,32,30,3,636.0,70,23.55,548,116.05,0.0,4.0,0.0,59,18
Gaurav Kumar,Delhi,2022-2023,8,7,1,20.0,15,3.33,44,45.45,0.0,0.0,2.0,2,0
Gaurav Puri,Chandigarh,2022-2023,10,10,0,201.0,47,20.1,160,125.62,0.0,0.0,0.0,18,9
Gaurav Yadav,Puducherry,2012-2023,28,14,8,64.0,16*,10.66,61,104.91,0.0,0.0,4.0,4,2
Gautam Gambhir,Delhi,2007-2018,45,45,3,1335.0,107,31.78,1065,125.35,1.0,9.0,4.0,157,21
Girish Rauturi,Uttarakhand,2018-2023,19,11,5,88.0,29,14.66,66,133.33,0.0,0.0,1.0,7,4
Gokul Sharma,Assam,2009-2021,50,45,10,848.0,54,24.22,778,108.99,0.0,1.0,2.0,67,18
Gurinder Singh,Chandigarh,2015-2023,51,41,11,588.0,51,19.6,451,130.37,0.0,1.0,2.0,45,25
Gurkeerat Singh Mann,Punjab,2012-2023,74,67,16,1622.0,93*,31.8,1238,131.01,0.0,11.0,5.0,150,56
Haladhar Das,Odisha,2007-2015,31,30,3,564.0,51,20.88,506,111.46,0.0,1.0,3.0,54,12
Hanuma Vihari,Andhra,2012-2023,80,72,11,1628.0,86*,26.68,1399,116.36,0.0,6.0,7.0,137,42
Hardeek Tamore,Mumbai,2022-2022,6,5,2,99.0,35,33.0,80,123.75,0.0,0.0,0.0,10,3
Hardik Pandya,Baroda,2013-2016,47,43,12,841.0,86*,27.12,569,147.80,0.0,4.0,4.0,58,49
Harmeet Singh,Tripura,2009-2023,49,30,14,244.0,37,15.25,209,116.74,0.0,0.0,3.0,19,7
Harpreet Singh Bhatia,Chhattisgarh,2011-2023,73,63,22,1768.0,99*,43.12,1393,126.92,0.0,13.0,2.0,143,62
Harsh Singh,Bihar,2021-2023,11,11,1,241.0,48,24.1,211,114.21,0.0,0.0,1.0,22,7
Harshal Patel,Haryana,2010-2023,80,52,18,784.0,63,23.05,579,135.40,0.0,2.0,4.0,55,40
Hemang Badani,Vidarbha,2007-2013,40,38,7,842.0,67*,27.16,771,109.20,0.0,4.0,1.0,72,19
Henan Malik,Jammu & Kashmir,2021-2023,11,11,1,241.0,48,24.1,211,114.21,0.0,0.0,1.0,22,7
Himanshu Bisht,Uttarakhand,2018-2023,19,11,5,88.0,29,14.66,66,133.33,0.0,0.0,1.0,7,4
Himanshu Rana,Haryana,2015-2023,50,48,2,1263.0,117,27.45,1022,123.58,1.0,7.0,4.0,127,33
Hitesh Walunj,Maharashtra,2022-2022,2,1,1,1.0,1*,,1,100.00,0.0,0.0,0.0,0,0
Hrishikesh Kanitkar,Rajasthan,2007-2013,26,25,5,472.0,57,23.6,446,105.83,0.0,2.0,1.0,42,10
Hrithik Shokeen,Delhi,2022-2023,8,7,1,60.0,23,10.0,55,109.09,0.0,0.0,0.0,5,1
Imliwati Lemtur,Nagaland,2018-2023,21,18,7,141.0,29,12.81,111,127.02,0.0,0.0,1.0,11,5
Imran Khan,Uttar Pradesh,2009-2015,19,16,6,151.0,33,15.1,138,109.42,0.0,0.0,1.0,10,4
Iqbal Abdulla,Sikkim,2007-2022,69,49,17,629.0,49,19.65,516,121.89,0.0,0.0,3.0,44,24
Iqbal Saxena,Madhya Pradesh,2010-2018,41,31,11,299.0,43,14.95,257,116.34,0.0,0.0,2.0,18,13
Irfan Pathan,Jammu & Kashmir,2007-2019,83,67,21,1135.0,53*,24.67,867,130.91,0.0,1.0,5.0,83,45
Ishan Kishan,Jharkhand,2014-2023,55,54,7,1663.0,113*,35.38,1144,145.36,2.0,9.0,4.0,152,80
Ishank Jaggi,Jharkhand,2010-2023,85,82,14,2367.0,90,34.8,1895,124.90,0.0,16.0,7.0,219,67
Ishar Singh,Punjab,2007-2007,1,1,1,1.0,1*,,1,100.00,0.0,0.0,0.0,0,0
Ishwar Chaudhary,Sikkim,2013-2022,29,14,8,57.0,17,9.5,56,101.78,0.0,0.0,3.0,3,2
Ishwar Pandey,Madhya Pradesh,2012-2021,30,13,7,48.0,12,8.0,51,94.11,0.0,0.0,4.0,3,1
Jagadeesha Suchith,Karnataka,2015-2023,59,41,17,432.0,46*,17.99,325,132.92,0.0,0.0,3.0,27,24
Jagjit Singh,Chandigarh,2019-2023,21,18,7,301.0,43*,27.36,211,142.65,0.0,0.0,1.0,22,18
Jalaj Saxena,Kerala,2009-2023,68,64,8,1268.0,76*,22.64,1065,119.06,0.0,7.0,5.0,104,39
Jamaluddin Syed Mohammad,Assam,2010-2019,53,41,13,546.0,47,19.5,443,123.25,0.0,0.0,2.0,40,21
Jaskaran Singh,Chandigarh,2021-2023,11,11,1,241.0,48,24.1,211,114.21,0.0,0.0,1.0,22,7
Jasprit Bumrah,Gujarat,2013-2013,2,2,1,11.0,7*,11.0,10,110.00,0.0,0.0,0.0,0,1
Jatin Wadhwan,Jammu & Kashmir,2014-2023,31,30,1,721.0,78,24.86,645,111.78,0.0,4.0,2.0,71,18
Jayant Yadav,Haryana,2011-2023,58,41,13,546.0,41,19.5,473,115.43,0.0,0.0,3.0,39,17
Jaydev Unadkat,Saurashtra,2010-2023,90,43,21,411.0,49*,18.68,310,132.58,0.0,0.0,6.0,27,21
Jayesh Pokhare,Maharashtra,2021-2023,11,11,1,241.0,48,24.1,211,114.21,0.0,0.0,1.0,22,7
Jitender Singh,Services,2010-2016,28,27,2,551.0,57,22.04,514,107.20,0.0,2.0,2.0,48,11
Jitesh Saroha,Haryana,2014-2018,17,16,2,305.0,43,21.78,269,113.38,0.0,0.0,1.0,25,8
Jitesh Sharma,Vidarbha,2014-2023,66,64,6,1586.0,106,27.34,1065,148.92,1.0,7.0,6.0,145,71
Joginder Sharma,Haryana,2007-2017,48,37,13,499.0,46*,20.79,411,121.41,0.0,0.0,3.0,36,17
Jonty Sidhu,Delhi,2018-2023,19,18,2,388.0,51,24.25,321,120.87,0.0,1.0,1.0,30,16
KB Arun Karthik,Puducherry,2007-2023,81,77,7,2049.0,112,29.27,1596,128.38,1.0,12.0,7.0,185,63
KB Pawan,Nagaland,2007-2016,42,41,3,910.0,75,23.94,792,114.89,0.0,6.0,2.0,91,22
KL Rahul,Karnataka,2013-2021,29,28,4,1185.0,132*,49.37,825,143.63,2.0,9.0,2.0,102,50
Kaif Ahmed,Bengal,2022-2023,8,6,1,5.0,12,1.0,22,22.72,0.0,0.0,3.0,0,0
Kamal Singh,Uttarakhand,2018-2023,19,18,2,388.0,51,24.25,321,120.87,0.0,1.0,1.0,30,16
Kamlesh Nagarkoti,Rajasthan,2021-2023,11,11,1,241.0,48,24.1,211,114.21,0.0,0.0,1.0,22,7
Kanishk Seth,Bengal,2018-2022,17,16,2,305.0,43,21.78,269,113.38,0.0,0.0,1.0,25,8
Kanwar Abhinay,Himachal Pradesh,2018-2023,19,11,5,88.0,29,14.66,66,133.33,0.0,0.0,1.0,7,4
Kapil Hooda,Haryana,2023-2023,8,7,0,110.0,38,15.71,109,100.91,0.0,0.0,0.0,9,3
Karan Bidhuri,Delhi,2018-2022,17,16,2,305.0,43,21.78,269,113.38,0.0,0.0,1.0,25,8
Karan Goel,Punjab,2007-2018,48,46,1,1215.0,86,26.41,1048,115.93,0.0,8.0,3.0,129,23
Karan Kaila,Chandigarh,2019-2023,21,18,7,301.0,43*,27.36,211,142.65,0.0,0.0,1.0,22,18
Karan Lamba,Sikkim,2023-2023,5,5,0,134.0,60,26.8,112,119.64,0.0,1.0,0.0,12,5
Karanveer Singh,Chandigarh,2013-2022,35,17,7,122.0,28,12.2,99,123.23,0.0,0.0,3.0,7,7
Karn Sharma,Railways,2010-2023,73,50,16,647.0,54*,19.02,492,131.50,0.0,1.0,3.0,43,36
Karthik Meiyappan,Pondicherry,2023-2023,5,5,0,158.0,51,31.6,120,131.66,0.0,1.0,0.0,14,6
Kartik Tyagi,Uttar Pradesh,2020-2023,19,11,5,88.0,29,14.66,66,133.33,0.0,0.0,1.0,7,4
Kathan Patel,Gujarat,2022-2022,2,2,0,11.0,11,5.5,13,84.61,0.0,0.0,1.0,1,0
Kaushal Singh,Jharkhand,2016-2023,41,38,8,812.0,72,27.06,681,119.23,0.0,4.0,2.0,72,24
Kaushal Tambe,Maharashtra,2022-2023,8,8,0,70.0,29,8.75,87,80.45,0.0,0.0,1.0,6,2
Kaustubh Pawar,Karnataka,2016-2016,4,4,0,51.0,29,12.75,51,100.00,0.0,0.0,0.0,5,1
Kazi Saifi,Bengal,2022-2023,8,7,1,20.0,15,3.33,44,45.45,0.0,0.0,2.0,2,0
Kedar Devdhar,Meghalaya,2010-2021,63,61,4,1702.0,99,29.85,1362,124.96,0.0,11.0,6.0,193,44
Kedar Jadhav,Maharashtra,2007-2023,85,81,15,2063.0,93*,31.25,1525,135.27,0.0,13.0,5.0,188,72
Khaleel Ahmed,Rajasthan,2017-2023,35,11,8,44.0,15,14.66,35,125.71,0.0,0.0,1.0,3,2
Khizar Dafedar,Mumbai,2021-2023,11,11,1,241.0,48,24.1,211,114.21,0.0,0.0,1.0,22,7
Kishan Lyngdoh,Meghalaya,2021-2023,15,15,1,433.0,64,30.92,351,123.36,0.0,3.0,1.0,41,11
Kolagani Sasikanth,Andhra,2019-2021,15,11,5,123.0,30,20.5,100,123.00,0.0,0.0,0.0,10,5
Kona Srikar Bharat,Andhra,2013-2023,67,61,6,1281.0,93*,23.29,1015,126.20,0.0,5.0,5.0,100,45
Krishna Upadhyay,Railways,2010-2018,36,25,12,190.0,44*,14.61,165,115.15,0.0,0.0,3.0,11,8
Krishnakant Upadhyay,Railways,2010-2018,36,25,12,190.0,44*,14.61,165,115.15,0.0,0.0,3.0,11,8
Krishnamoorthy Vignesh,Tamil Nadu,2017-2023,19,11,5,211.0,38*,35.16,141,149.64,0.0,0.0,1.0,15,11
Krunal Pandya,Baroda,2013-2023,80,72,18,1660.0,70,30.74,1229,135.06,0.0,5.0,5.0,119,77
Kshitiz Sharma,Delhi,2015-2023,31,29,7,611.0,51,27.77,488,125.20,0.0,1.0,1.0,51,19
Kuldeep Yadav,Uttar Pradesh,2014-2023,43,26,12,166.0,27*,11.85,142,116.90,0.0,0.0,4.0,13,6
Kulwant Khejroliya,Delhi,2018-2023,19,11,5,88.0,29,14.66,66,133.33,0.0,0.0,1.0,7,4
Kumar Deobrat,Jharkhand,2011-2018,28,27,541,90.1,1,664.0,23,3/18,28.86,7.36,23.5,0,0
Kunal Chandela,Delhi,2019-2020,12,12,1,281.0,59,25.54,233,120.60,0.0,1.0,1.0,23,10
Lakshay Garg,Goa,2018-2023,28,21,8,256.0,47,19.69,190,134.73,0.0,0.0,1.0,18,13
Lakshay Thareja,Delhi,2018-2022,17,16,2,305.0,43,21.78,269,113.38,0.0,0.0,1.0,25,8
Lalhruaizela,Mizoram,2019-2023,15,15,1,311.0,49,22.21,288,108.00,0.0,0.0,1.0,28,8
Lalit Yadav,Delhi,2018-2023,46,39,14,830.0,52*,33.2,591,140.44,0.0,2.0,2.0,58,48
Lukman Meriwala,Baroda,2013-2023,51,14,9,59.0,15,11.8,52,113.46,0.0,0.0,4.0,4,3
M Mohammed,Tamil Nadu,2018-2023,30,15,7,144.0,34,18.0,102,141.17,0.0,0.0,1.0,8,9
M Sydamer,Goa,2010-2016,33,29,7,479.0,53,21.77,422,113.50,0.0,1.0,1.0,38,13
MS Dhoni,Jharkhand,2007-2017,73,65,30,1617.0,70*,46.2,1198,134.97,0.0,7.0,2.0,107,65
Madhav Kaushik,Uttar Pradesh,2021-2023,11,11,1,241.0,48,24.1,211,114.21,0.0,0.0,1.0,22,7
Madhur Khatri,Madhya Pradesh,2009-2016,29,23,9,203.0,35,14.5,192,105.72,0.0,0.0,2.0,14,4
Maheesh Theekshana,Tamil Nadu,2023-2023,1,1,1,12.0,12*,,7,171.42,0.0,0.0,0.0,1,1
Mahesh Rawat,Goa,2007-2016,57,51,12,1184.0,83,30.35,977,121.18,0.0,8.0,2.0,99,44
Mahipal Lomror,Rajasthan,2016-2023,51,48,8,1176.0,78*,29.4,901,130.52,0.0,7.0,2.0,88,55
Malay Raj,Bihar,2021-2023,11,11,1,241.0,48,24.1,211,114.21,0.0,0.0,1.0,22,7
Manan Sharma,Delhi,2011-2018,28,27,541,90.1,1,664.0,23,3/18,28.86,7.36,23.5,0,0
Manan Vohra,Chandigarh,2011-2023,89,88,6,2523.0,106*,30.76,1839,137.19,1.0,17.0,8.0,252,94
Manav Suthar,Rajasthan,2022-2023,11,7,2,59.0,26,11.8,48,122.91,0.0,0.0,0.0,5,2
Mandeep Singh,Chandigarh,2010-2023,94,88,14,2333.0,99*,31.52,1803,129.39,0.0,14.0,7.0,222,63
Manender Singh,Rajasthan,2015-2023,31,29,7,611.0,51,27.77,488,125.20,0.0,1.0,1.0,51,19
Mangal Mahrour,Bihar,2021-2023,11,11,1,241.0,48,24.1,211,114.21,0.0,0.0,1.0,22,7
Manish Pandey,Karnataka,2009-2023,90,85,21,2719.0,129*,42.48,2063,131.79,2.0,17.0,4.0,216,92
Manishankar Murasingh,Tripura,2013-2023,55,52,9,985.0,63*,22.9,832,118.38,0.0,3.0,2.0,80,31
Manoj Ingale,Maharashtra,2015-2023,28,19,8,188.0,36,17.09,155,121.29,0.0,0.0,2.0,14,7
Manoj Tiwary,Bengal,2007-2023,89,83,21,1925.0,93*,31.04,1575,122.22,0.0,11.0,6.0,153,60
Manprit Juneja,Gujarat,2011-2021,60,54,12,1265.0,82,30.11,1044,121.16,0.0,9.0,3.0,107,41
Manzoor Dar,Jammu & Kashmir,2018-2022,17,16,2,305.0,43,21.78,269,113.38,0.0,0.0,1.0,25,8
Mayank Agarwal,Karnataka,2010-2023,80,78,6,2263.0,111,31.43,1586,142.68,1.0,16.0,6.0,206,90
Mayank Dagar,Himachal Pradesh,2018-2023,31,21,8,341.0,44,26.23,241,141.49,0.0,0.0,1.0,25,18
Mayank Markande,Punjab,2018-2023,44,22,12,204.0,33,20.4,166,122.89,0.0,0.0,2.0,12,12
Mayank Mishra,Uttarakhand,2018-2023,28,21,8,241.0,41,18.53,188,128.19,0.0,0.0,1.0,18,11
Mihir Hirwani,Madhya Pradesh,2016-2023,31,14,9,77.0,22,15.4,71,108.45,0.0,0.0,2.0,5,2
Milind Kumar,Tripura,2013-2023,51,46,7,1176.0,77*,30.15,951,123.65,0.0,8.0,3.0,101,36
Mithun Manhas,Delhi,2007-2016,42,39,8,812.0,72,26.19,681,119.23,0.0,4.0,2.0,72,24
Mohammad Ahmed,Rajasthan,2018-2022,17,16,2,305.0,43,21.78,269,113.38,0.0,0.0,1.0,25,8
Mohammad Ashraful,Tripura,2019-2019,6,6,0,30.0,11,5.0,44,68.18,0.0,0.0,2.0,2,0
Mohammad Kaif,Andhra,2011-2014,34,31,4,663.0,81,24.55,601,110.31,0.0,4.0,3.0,58,15
Mohammad Saif,Uttar Pradesh,2016-2023,37,32,10,612.0,62,27.81,510,120.00,0.0,3.0,1.0,49,15
Mohammed Azharuddeen,Kerala,2015-2023,43,41,4,964.0,137*,26.05,688,140.11,1.0,4.0,4.0,84,47
Mohit Ahlawat,Services,2015-2023,28,27,2,699.0,71,27.96,614,113.84,0.0,4.0,1.0,63,16
Mohit Avasthi,Mumbai,2021-2023,19,11,5,88.0,29,14.66,66,133.33,0.0,0.0,1.0,7,4
Mohit Hooda,Haryana,2023-2023,8,8,0,139.0,44,19.85,120,115.83,0.0,0.0,1.0,11,4
Mohit Sharma,Haryana,2013-2023,80,41,18,349.0,37,15.17,294,118.70,0.0,0.0,5.0,24,13
Monish Kareparambil,Kerala,2007-2013,29,25,8,365.0,48,21.47,333,109.60,0.0,0.0,1.0,28,9
Monu Kumar,Jharkhand,2016-2023,41,38,8,812.0,72,27.06,681,119.23,0.0,4.0,2.0,72,24
Mukesh Choudhary,Maharashtra,2019-2023,21,11,5,88.0,29,14.66,66,133.33,0.0,0.0,1.0,7,4
Murtuzar Vahora,Baroda,2007-2016,33,18,9,95.0,25,10.55,87,109.19,0.0,0.0,4.0,7,3
Musheer Khan,Mumbai,2023-2024,12,10,4,326,88*,54.33,228,143.00,0,3,0,29,11
Mushtaq Ali,Madhya Pradesh,2007-2007,1,1,0,6.0,6,6.0,8,75.00,0.0,0.0,0.0,0,0
Muzzaffaruddin Khalid,Odisha,2012-2016,19,11,6,43.0,11,8.6,45,95.55,0.0,0.0,3.0,2,1
Nachiket Bhute,Vidarbha,2022-2023,10,5,3,40.0,25,20.0,26,153.84,0.0,0.0,0.0,2,3
Naman Ojha,Delhi,2007-2018,79,77,9,2046.0,106,29.65,1526,134.07,1.0,12.0,5.0,178,80
Naresh Paran-jape,Goa,2007-2013,44,43,4,960.0,78,24.61,862,111.36,0.0,5.0,3.0,92,23
Nathu Singh,Rajasthan,2016-2020,23,11,4,58.0,16,8.28,52,111.53,0.0,0.0,2.0,3,3
Naushad Shaikh,Maharashtra,2015-2023,59,57,11,1622.0,96,35.26,1284,126.32,0.0,10.0,3.0,137,56
Navdeep Saini,Delhi,2016-2023,61,26,11,173.0,21,11.53,139,124.46,0.0,0.0,5.0,11,8
Nawaz Khan,Bihar,2023-2023,5,2,0,9.0,5,4.5,22,40.90,0.0,0.0,1.0,1,0
Nehal Wadhera,Punjab,2023-2023,10,9,1,241.0,61*,34.42,165,146.06,0.0,1.0,0.0,18,15
Nikhil Gangta,Himachal Pradesh,2013-2023,39,37,7,780.0,76,26.0,642,121.49,0.0,4.0,2.0,61,30
Nikhil Kohli,Uttarakhand,2018-2022,17,16,2,305.0,43,21.78,269,113.38,0.0,0.0,1.0,25,8
Nikhil Naik,Maharashtra,2013-2023,48,44,9,944.0,95,26.97,716,131.84,0.0,5.0,3.0,66,48
Nikhil Thakur,Himachal Pradesh,2018-2022,17,16,2,305.0,43,21.78,269,113.38,0.0,0.0,1.0,25,8
Nilesh Chauhan,Saurashtra,2007-2007,1,1,1,1.0,1*,,1,100.00,0.0,0.0,0.0,0,0
Niranjan Behera,Odisha,2007-2016,36,36,3,767.0,64,23.24,745,102.95,0.0,4.0,2.0,76,11
Nishant Sindhu,Haryana,2022-2023,8,7,1,115.0,39,19.16,105,109.52,0.0,0.0,0.0,9,4
Nishant Singh,Jharkhand,2007-2012,22,20,4,307.0,47,19.18,280,109.64,0.0,0.0,1.0,26,8
Nitesh Kumar,Nagaland,2023-2023,5,5,0,17.0,6,3.4,44,38.63,0.0,0.0,2.0,2,0
Nitin Tanwar,Services,2013-2018,18,17,1,345.0,52,21.56,311,110.93,0.0,1.0,1.0,31,9
Nitish Kumar Reddy,Andhra,2021-2023,15,13,4,463.0,108,51.44,311,148.87,1.0,2.0,1.0,38,25
Nitish Rana,Uttar Pradesh,2013-2023,88,84,10,2428.0,107,32.81,1730,140.34,1.0,16.0,7.0,208,121
Nehal Wadhera,Punjab,2023,6,6,0,221,78,36.83,158,139.87,0,2,1,22,11
Pankaj Jaiswal,Himachal Pradesh,2015-2023,31,26,9,411.0,51,24.17,321,128.03,0.0,1.0,1.0,30,16
Paras Dogra,Puducherry,2007-2021,56,54,7,1434.0,96*,30.51,1144,125.34,0.0,11.0,4.0,121,49
Paresh Patel,Gujarat,2007-2013,25,22,6,334.0,48,20.87,298,112.08,0.0,0.0,1.0,28,8
Parikshit Valsangkar,Mumbai,2018-2023,19,18,2,388.0,51,24.25,321,120.87,0.0,1.0,1.0,30,16
Parthiv Patel,Gujarat,2007-2019,62,60,7,1669.0,89*,31.49,1168,142.89,0.0,13.0,2.0,193,51
Parvinder Awana,Delhi,2007-2016,31,14,7,42.0,13,6.0,43,97.67,0.0,0.0,4.0,3,1
Pawan Negi,Delhi,2012-2023,87,66,22,1093.0,59,24.84,813,134.44,0.0,2.0,3.0,77,59
Pawan Suyal,Delhi,2011-2018,28,27,541,90.1,1,664.0,23,3/18,28.86,7.36,23.5,0,0
Pinal Shah,Baroda,2007-2018,52,43,12,746.0,55,24.06,649,114.94,0.0,2.0,2.0,63,24
Piyush Chawla,Gujarat,2007-2023,79,53,18,655.0,55*,18.71,515,127.18,0.0,1.0,3.0,52,31
Prabhsimran Singh,Punjab,2019-2023,52,51,5,1521.0,119*,33.06,977,155.68,1.0,12.0,5.0,115,92
Pradeep Dadhe,Maharashtra,2015-2018,17,16,2,305.0,43,21.78,269,113.38,0.0,0.0,1.0,25,8
Pradeep Kumar,Bihar,2007-2007,1,1,0,0.0,0,0.0,1,0.00,0.0,0.0,1.0,0,0
Pradeep Sangwan,Delhi,2007-2019,41,27,10,230.0,29,13.52,192,119.79,0.0,0.0,1.0,16,10
Pradeep Yadav,Rajasthan,2007-2007,1,1,0,2.0,2,2.0,4,50.00,0.0,0.0,0.0,0,0
Pradipta Pramanik,Bengal,2018-2023,19,11,5,88.0,29,14.66,66,133.33,0.0,0.0,1.0,7,4
Pragyan Ojha,Bihar,2007-2018,74,34,19,157.0,25*,10.46,158,99.36,0.0,0.0,7.0,10,3
Pramod Chandila,Haryana,2013-2023,41,36,9,737.0,67,27.29,606,121.61,0.0,4.0,1.0,58,24
Pranav Kela,Mumbai,2023-2023,10,6,1,60.0,23,12.0,55,109.09,0.0,0.0,0.0,5,1
Pranshu Vijayran,Delhi,2018-2023,17,14,6,180.0,32,22.5,135,133.33,0.0,0.0,1.0,13,8
Prasad Pawar,Mumbai,2018-2023,19,18,2,388.0,51,24.25,321,120.87,0.0,1.0,1.0,30,16
Prasanth Parameswaran,Kerala,2009-2016,28,14,6,60.0,16,7.5,61,98.36,0.0,0.0,4.0,4,1
Prashant Chopra,Himachal Pradesh,2011-2023,62,61,6,1803.0,111,32.78,1427,126.34,1.0,12.0,4.0,193,42
Prashant Gupta,Uttar Pradesh,2011-2018,36,36,2,809.0,70,23.79,715,113.14,0.0,5.0,2.0,78,21
Prashant Naik,Mumbai,2007-2012,19,16,5,214.0,41,19.45,174,122.98,0.0,0.0,1.0,16,9
Prashant Solanki,Mumbai,2021-2023,11,11,1,241.0,48,24.1,211,114.21,0.0,0.0,1.0,22,7
Prasidh Krishna,Karnataka,2018-2021,26,9,7,28.0,14,14.0,24,116.66,0.0,0.0,2.0,1,2
Pratap Singh,Bihar,2021-2023,11,11,1,241.0,48,24.1,211,114.21,0.0,0.0,1.0,22,7
Praveen Kumar,Uttar Pradesh,2007-2017,45,34,14,291.0,52,14.55,233,124.89,0.0,1.0,6.0,21,14
Prerak Mankad,Saurashtra,2016-2023,54,48,15,1136.0,73,34.42,833,136.37,0.0,6.0,1.0,85,49
Pritam Das,Assam,2010-2023,50,29,14,213.0,29,14.2,183,116.39,0.0,0.0,4.0,16,8
Prithvi Shaw,Mumbai,2017-2023,47,47,0,1468.0,134,31.23,923,159.04,1.0,12.0,4.0,166,61
Priyam Garg,Uttar Pradesh,2016-2023,43,40,6,1100.0,99*,32.35,849,129.56,0.0,8.0,2.0,111,38
Priyank Panchal,Gujarat,2011-2023,51,49,4,1189.0,76,26.42,999,119.01,0.0,7.0,2.0,112,26
Priyanshu Khanduri,Uttarakhand,2018-2023,19,19,1,411.0,48,22.83,351,117.09,0.0,0.0,1.0,38,9
Pulkit Narang,Services,2015-2023,31,21,8,241.0,41,18.53,188,128.19,0.0,0.0,1.0,18,11
Puneet Mehra,Delhi,2011-2018,28,27,541,90.1,1,664.0,23,3/18,28.86,7.36,23.5,0,0
Puneet Yadav,Railways,2016-2020,20,18,4,302.0,40,21.57,258,117.05,0.0,0.0,1.0,23,9
Punit Bisht,Meghalaya,2018-2023,21,21,2,541.0,68,28.47,411,131.63,0.0,3.0,1.0,51,19
Rahul Bishnoi,Rajasthan,2010-2016,34,31,4,668.0,69,24.74,562,118.86,0.0,4.0,0.0,60,19
Rahul Chahar,Rajasthan,2017-2023,57,32,13,293.0,39*,15.42,229,127.94,0.0,0.0,2.0,19,16
Rahul Dagar,Haryana,2014-2018,17,17,1,345.0,52,21.56,311,110.93,0.0,1.0,1.0,31,9
Rahul Shukla,Jharkhand,2010-2018,28,27,541,90.1,1,664.0,23,3/18,28.86,7.36,23.5,0,0
Rahul Singh,Services,2023-2023,7,7,1,145.0,52,24.16,110,131.81,0.0,1.0,0.0,11,7
Rahul Tewatia,Haryana,2014-2023,67,58,16,1170.0,73,27.85,820,142.68,0.0,5.0,3.0,89,64
Rahul Tripathi,Maharashtra,2013-2023,65,63,11,1733.0,95,33.32,1264,137.10,0.0,11.0,3.0,165,61
Raiphi Gomez,Puducherry,2007-2019,69,61,16,1104.0,65,24.53,912,121.05,0.0,4.0,3.0,79,42
Rajan Kumar,Uttarakhand,2022-2023,8,5,1,80.0,27,16.0,87,91.95,0.0,0.0,0.0,7,2
Rajat Bhatia,Uttarakhand,2007-2019,77,69,17,1434.0,65,27.57,1065,134.64,0.0,3.0,5.0,103,66
Rajat Dey,Tripura,2015-2023,31,29,7,611.0,51,27.77,488,125.20,0.0,1.0,1.0,51,19
Rajat Paliwal,Services,2010-2023,51,47,11,1109.0,72*,30.8,951,116.61,0.0,6.0,2.0,91,29
Rajesh Bishnoi,Rajasthan,2011-2023,56,47,13,822.0,65,24.17,665,123.60,0.0,3.0,3.0,56,40
Rajesh Sharma,Punjab,2007-2012,23,18,9,114.0,26,12.66,104,109.61,0.0,0.0,1.0,8,3
Rajvardhan Hangargekar,Maharashtra,2022-2023,10,6,1,65.0,24,13.0,55,118.18,0.0,0.0,0.0,5,2
Rakesh Solanki,Baroda,2007-2016,47,43,10,953.0,62,28.87,832,114.54,0.0,4.0,1.0,78,26
Ramakrishna Ghosh,Maharashtra,2018-2022,17,16,2,305.0,43,21.78,269,113.38,0.0,0.0,1.0,25,8
Ramdayal Singh,Jharkhand,2007-2012,19,12,6,54.0,14,9.0,55,98.18,0.0,0.0,3.0,3,1
Rameez Khan,Madhya Pradesh,2014-2023,43,38,10,832.0,87,29.71,691,120.40,0.0,4.0,1.0,65,26
Ramesh Powar,Gujarat,2007-2016,58,54,16,1135.0,71*,29.86,966,117.49,0.0,6.0,2.0,94,30
Ranadeb Bose,Bengal,2007-2010,10,5,3,13.0,6,6.5,18,72.22,0.0,0.0,1.0,1,0
Ranjeet Mali,Assam,2010-2018,28,27,541,90.1,1,664.0,23,3/18,28.86,7.36,23.5,0,0
Ranji Biswal,Odisha,2007-2007,1,1,0,1.0,1,1.0,2,50.00,0.0,0.0,0.0,0,0
Ranjot Singh Khaira,Bengal,2018-2022,17,16,2,305.0,43,21.78,269,113.38,0.0,0.0,1.0,25,8
Rashmi Parida,Odisha,2007-2016,42,40,7,868.0,67,26.3,810,107.16,0.0,4.0,1.0,80,18
Rasikh Salam,Jammu & Kashmir,2019-2023,12,8,3,41.0,19,6.83,33,124.24,0.0,0.0,1.0,3,2
Raushan Raj,Bihar,2023-2023,5,4,0,20.0,11,5.0,44,45.45,0.0,0.0,2.0,2,0
Ravi Bishnoi,Rajasthan,2019-2023,48,20,11,123.0,30,13.66,93,132.25,0.0,0.0,3.0,8,6
Ravi Kiran,Hyderabad,2013-2023,36,16,9,83.0,19,11.85,73,113.69,0.0,0.0,3.0,6,3
Ravi Teja,Hyderabad,2018-2023,34,28,8,485.0,61*,24.25,350,138.57,0.0,2.0,1.0,34,26
Ravi Yadav,Rajasthan,2018-2022,17,16,2,305.0,43,21.78,269,113.38,0.0,0.0,1.0,25,8
Ravichandran Ashwin,Tamil Nadu,2007-2023,65,47,21,686.0,61,26.38,552,124.27,0.0,1.0,1.0,57,25
Ravikant Shukla,Uttar Pradesh,2007-2016,33,31,4,586.0,59,21.7,520,112.69,0.0,2.0,3.0,48,16
Ravindra Jadeja,Saurashtra,2007-2022,54,49,16,929.0,62*,28.15,699,132.90,0.0,2.0,2.0,63,45
Radhakrishna Dinesh Kumar,Tamil Nadu,2022-2024,17,14,4,326,57,32.60,240,135.83,0,2,2,25,13
Raghav Goyal,Punjab,2022-2024,11,6,3,45,20*,15.00,32,140.62,0,0,0,4,2
Reetinder Sodhi,Punjab,2007-2007,4,4,1,69.0,32,23.0,64,107.81,0.0,0.0,0.0,6,2
Rex Singh,Manipur,2018-2023,24,21,4,311.0,41,18.29,241,129.04,0.0,0.0,2.0,25,11
Rinku Tomar,Services,2023-2023,7,7,0,156.0,45,22.28,124,125.80,0.0,0.0,0.0,15,5
Rishabh Chauhan,Meghalaya,2023-2023,5,5,0,100.0,41,20.0,87,114.94,0.0,0.0,0.0,9,3
Rishabh Pant,Delhi,2017-2018,9,9,1,411.0,116*,45.66,230,178.69,1.0,3.0,0.0,38,27
Rishabh Vashisht,Delhi,2018-2022,17,16,2,305.0,43,21.78,269,113.38,0.0,0.0,1.0,25,8
Rishav Raj,Bihar,2021-2023,11,11,1,241.0,48,24.1,211,114.21,0.0,0.0,1.0,22,7
Rishi Dhawan,Himachal Pradesh,2009-2023,83,71,25,1401.0,65*,30.45,1093,128.17,0.0,4.0,3.0,98,54
Ritwik Roy Chowdhury,Bengal,2018-2023,19,18,2,388.0,51,24.25,321,120.87,0.0,1.0,1.0,30,16
Riyan Parag,Assam,2017-2023,52,48,12,1494.0,85,41.5,912,163.81,0.0,16.0,2.0,83,99
Robin Bist,Sikkim,2010-2019,45,43,7,1016.0,77,28.22,893,113.77,0.0,6.0,1.0,94,18
Robin Uthappa,Kerala,2007-2021,91,89,10,2832.0,107,35.84,1980,143.03,2.0,19.0,5.0,264,123
Rohan Gavaskar,Bengal,2007-2010,10,10,1,170.0,47,18.88,160,106.25,0.0,0.0,1.0,16,3
Rohan Kadam,Karnataka,2019-2023,40,38,6,1272.0,87,39.75,1011,125.81,0.0,12.0,2.0,123,31
Rohan Kunnummal,Kerala,2021-2023,19,19,1,544.0,56,30.22,401,135.66,0.0,3.0,1.0,51,21
Rohan Rathi,Delhi,2018-2022,17,16,2,305.0,43,21.78,269,113.38,0.0,0.0,1.0,25,8
Rohit Dahiya,Services,2013-2016,19,17,4,260.0,49,20.0,229,113.53,0.0,0.0,1.0,20,7
Rohit Jhalani,Rajasthan,2007-2013,29,26,7,390.0,46,20.52,352,110.79,0.0,0.0,1.0,32,10
Rohit Sharma,Mumbai,2007-2022,81,78,14,2135.0,109*,33.35,1521,140.36,2.0,14.0,4.0,188,89
Ronit More,Karnataka,2014-2023,31,11,7,41.0,11,10.25,35,117.14,0.0,0.0,2.0,3,2
Roshan Raj,Bihar,2007-2007,1,1,0,0.0,0,0.0,1,0.00,0.0,0.0,1.0,0,0
Royston Dias,Mumbai,2018-2023,19,11,5,88.0,29,14.66,66,133.33,0.0,0.0,1.0,7,4
Rush Kalaria,Gujarat,2012-2023,55,34,14,354.0,41,17.7,285,124.21,0.0,0.0,3.0,26,14
Ruturaj Gaikwad,Maharashtra,2017-2023,36,36,3,1349.0,114,40.87,955,141.25,1.0,11.0,1.0,126,50
Sachidanand Pandey,Sikkim,2023-2023,5,5,1,94.0,39,18.8,83,113.25,0.0,0.0,0.0,8,3
Sachin Baby,Kerala,2009-2023,71,65,11,1637.0,91,30.31,1292,126.70,0.0,8.0,4.0,124,58
Sachin Kumar,Jharkhand,2018-2023,28,19,8,241.0,41,21.9,188,128.19,0.0,0.0,1.0,18,11
Sachin Rana,Haryana,2007-2016,44,41,11,777.0,63,25.9,653,118.98,0.0,3.0,2.0,63,28
Sachin Tendulkar,Mumbai,2007-2007,1,1,0,13.0,13,13.0,12,108.33,0.0,0.0,0.0,2,0
Sadeepan Amrith,Goa,2007-2013,29,27,3,564.0,57,23.5,511,110.37,0.0,2.0,1.0,52,13
Sahil Gupta,Jammu & Kashmir,2013-2016,17,17,0,303.0,51,17.82,281,107.82,0.0,1.0,1.0,28,8
Sairaj Bahutule,Vidarbha,2007-2013,29,24,9,260.0,37,17.33,238,109.24,0.0,0.0,1.0,20,7
Sairaj Patil,Mumbai,2018-2023,19,18,2,388.0,51,24.25,321,120.87,0.0,1.0,1.0,30,16
Sakibul Gani,Bihar,2018-2023,19,19,1,411.0,48,22.83,351,117.09,0.0,0.0,1.0,38,9
Saleem Ansari,Uttar Pradesh,2009-2015,19,16,6,151.0,33,15.1,138,109.42,0.0,0.0,1.0,10,4
Salil Ankola,Mumbai,2007-2007,1,1,0,1.0,1,1.0,2,50.00,0.0,0.0,0.0,0,0
Salil Malhotra,Hyderabad,2007-2010,12,11,3,121.0,31,15.12,115,105.21,0.0,0.0,1.0,9,3
Salman Khan,Rajasthan,2018-2023,24,22,5,411.0,52,24.17,348,118.10,0.0,1.0,1.0,33,12
Samad Fallah,Maharashtra,2009-2018,44,19,11,73.0,19,9.12,74,98.64,0.0,0.0,5.0,5,2
Samar Dubhash,Goa,2018-2023,21,20,1,419.0,65,22.05,361,116.06,0.0,2.0,1.0,38,11
Samar Quadri,Jharkhand,2010-2018,28,12,6,43.0,14,7.16,49,87.75,0.0,0.0,3.0,3,1
Samarpit Joshi,Rajasthan,2018-2023,19,18,2,388.0,51,24.25,321,120.87,0.0,1.0,1.0,30,16
Sameer Choudhary,Uttar Pradesh,2018-2023,29,27,4,586.0,58,25.47,488,120.08,0.0,3.0,2.0,49,19
Sameer Dighe,Mumbai,2007-2007,2,2,0,26.0,18,13.0,28,92.85,0.0,0.0,0.0,2,0
Sameer Rizvi,Uttar Pradesh,2020-2023,11,9,4,295.0,60,49.16,169,174.55,0.0,1.0,0.0,21,22
Samik Das,Tripura,2009-2014,19,18,2,288.0,48,18.0,277,103.97,0.0,0.0,1.0,25,7
Samit Gohel,Gujarat,2013-2023,37,36,4,812.0,72,25.37,711,114.20,0.0,4.0,2.0,79,18
Samsher Yadav,Railways,2016-2020,19,17,4,260.0,49,20.0,229,113.53,0.0,0.0,1.0,20,7
Sanatombi Singh,Manipur,2023-2023,5,5,0,19.0,8,3.8,44,43.18,0.0,0.0,2.0,2,0
Sandeep Sharma,Punjab,2012-2023,81,31,16,199.0,28,13.26,168,118.45,0.0,0.0,5.0,15,7
Sandeep Singh,Haryana,2009-2015,35,34,3,900.0,88,29.03,668,134.73,0.0,7.0,4.0,77,42
Sandeep Warrier,Tamil Nadu,2012-2023,71,28,15,134.0,26,10.3,121,110.74,0.0,0.0,6.0,9,5
Sangram Atitkar,Maharashtra,2010-2016,33,31,7,629.0,54,26.2,551,114.15,0.0,3.0,1.0,56,13
Sangram Singh,Punjab,2007-2013,26,24,6,432.0,50,24.0,388,111.34,0.0,1.0,0.0,36,11
Sanjay Bangar,Railways,2007-2013,26,25,5,472.0,57,23.6,446,105.83,0.0,2.0,1.0,42,10
Sanjay Pahal,Haryana,2014-2018,17,16,2,305.0,43,21.78,269,113.38,0.0,0.0,1.0,25,8
Sanjay Ramaswamy,Vidarbha,2016-2023,28,27,1,602.0,61,23.15,521,115.54,0.0,3.0,2.0,55,14
Sanjay Yadav,Tamil Nadu,2017-2023,37,33,8,719.0,55,28.76,535,134.39,0.0,2.0,1.0,48,43
Sanjog Binkar,Maharashtra,2007-2013,26,24,8,347.0,40,21.68,308,112.66,0.0,0.0,1.0,28,10
Sanju Samson,Kerala,2011-2023,70,68,10,1882.0,85,32.44,1362,138.17,0.0,12.0,6.0,151,86
Sarfaraz Khan,Mumbai,2014-2023,51,46,11,1153.0,113,32.94,801,143.94,1.0,5.0,2.0,99,50
Sarthak Ranjan,Delhi,2015-2018,17,16,2,305.0,43,21.78,269,113.38,0.0,0.0,1.0,25,8
Satyajeet Bachhav,Maharashtra,2014-2023,40,21,12,143.0,27,15.88,124,115.32,0.0,0.0,3.0,10,4
Satyajit Parab,Tripura,2007-2016,39,38,2,820.0,71,22.77,758,108.17,0.0,5.0,2.0,78,16
Saurabh Kumar,Uttar Pradesh,2016-2023,44,31,10,344.0,44,16.38,276,124.63,0.0,0.0,3.0,25,13
Saurabh Rawat,Uttarakhand,2018-2023,29,26,7,432.0,50,22.73,361,119.66,0.0,1.0,1.0,35,14
Saurabh Tiwary,Jharkhand,2007-2023,83,75,18,1717.0,75*,30.12,1434,119.73,0.0,10.0,6.0,128,59
Saurashish Lahiri,Bengal,2007-2015,31,23,9,198.0,34,14.14,180,110.00,0.0,0.0,3.0,14,5
Sayan Ghosh,Bengal,2016-2023,41,38,8,812.0,72,27.06,681,119.23,0.0,4.0,2.0,72,24
Sayan Mondal,Bengal,2023-2023,8,5,1,28.0,9,5.6,44,63.63,0.0,0.0,1.0,2,0
Shadab Jakati,Goa,2007-2018,63,46,14,528.0,41,16.5,432,122.22,0.0,0.0,4.0,36,21
Shahbaz Nadeem,Jharkhand,2007-2023,79,48,24,374.0,36,15.58,321,116.51,0.0,0.0,5.0,25,11
Shahrukh Khan,Tamil Nadu,2014-2023,50,44,13,844.0,67,27.22,571,147.81,0.0,3.0,2.0,63,56
Shakti Singh,Himachal Pradesh,2007-2007,4,4,1,41.0,21,13.66,38,107.89,0.0,0.0,0.0,3,1
Shaleen Sharma,Haryana,2007-2007,4,4,1,41.0,21,13.66,38,107.89,0.0,0.0,0.0,3,1
Shams Mulani,Mumbai,2018-2023,39,28,11,541.0,44*,31.82,411,131.63,0.0,0.0,1.0,41,23
Shamshuzama Kazi,Nagaland,2012-2022,46,40,11,760.0,63,26.2,632,120.25,0.0,3.0,2.0,58,24
Shantanu Ghosh,Bengal,2007-2007,1,1,0,0.0,0,0.0,1,0.00,0.0,0.0,1.0,0,0
Shanu Saini,Uttar Pradesh,2018-2022,17,16,2,305.0,43,21.78,269,113.38,0.0,0.0,1.0,25,8
Shashank Attarde,Mumbai,2019-2022,14,7,3,48.0,16,12.0,38,126.31,0.0,0.0,1.0,3,2
Shashank Chandrakar,Chhattisgarh,2018-2023,24,23,1,569.0,61,25.86,489,116.36,0.0,3.0,1.0,53,14
Shashank Singh,Chhattisgarh,2015-2023,54,49,12,986.0,93*,26.64,710,138.87,0.0,4.0,2.0,63,55
Shasheem Rathour,Bihar,2021-2023,11,11,1,241.0,48,24.1,211,114.21,0.0,0.0,1.0,22,7
Sheldon Jackson,Puducherry,2007-2018,52,51,5,1240.0,106*,26.95,1035,119.80,1.0,6.0,3.0,109,41
Shib Sankar Paul,Bengal,2007-2013,26,25,5,472.0,57,23.6,446,105.83,0.0,2.0,1.0,42,10
Shikhar Dhawan,Delhi,2007-2023,55,54,5,1654.0,99*,33.75,1308,126.45,0.0,9.0,3.0,184,41
Shishir Hattangadi,Mumbai,2007-2007,1,1,0,6.0,6,6.0,8,75.00,0.0,0.0,0.0,0,0
Shiva Chauhan,Rajasthan,2022-2023,8,8,0,70.0,25,8.75,87,80.45,0.0,0.0,1.0,6,2
Shivakant Shukla,Uttar Pradesh,2007-2016,33,31,4,586.0,59,21.7,520,112.69,0.0,2.0,3.0,48,16
Shivam Bhambri,Chandigarh,2019-2023,21,21,1,541.0,68,27.05,411,131.63,0.0,3.0,1.0,51,19
Shivam Chaudhary,Railways,2015-2023,40,39,2,969.0,82,26.18,834,116.18,0.0,6.0,2.0,92,23
Shivam Dube,Mumbai,2016-2023,56,53,8,1245.0,117,27.66,881,141.31,1.0,6.0,3.0,76,82
Shivam Kumar,Bihar,2021-2023,11,11,1,241.0,48,24.1,211,114.21,0.0,0.0,1.0,22,7
Shivam Mavi,Uttar Pradesh,2018-2023,51,25,8,262.0,28,15.41,180,145.55,0.0,0.0,3.0,18,15
Shivam Sharma,Uttar Pradesh,2021-2023,20,11,4,89.0,24,12.71,71,125.35,0.0,0.0,2.0,7,4
Shivam Singh,Uttar Pradesh,2018-2023,19,18,2,388.0,51,24.25,321,120.87,0.0,1.0,1.0,30,16
Shourya Sanandia,Saurashtra,2016-2018,14,7,3,48.0,16,12.0,38,126.31,0.0,0.0,1.0,3,2
Shreevats Goswami,Mizoram,2009-2023,79,72,16,1779.0,104*,31.76,1464,121.51,1.0,11.0,6.0,178,47
Shreyas Gopal,Kerala,2013-2023,73,51,18,882.0,61*,26.72,681,129.51,0.0,1.0,2.0,65,39
Shreyas Iyer,Mumbai,2014-2021,43,43,7,1445.0,147,40.13,1012,142.78,1.0,9.0,1.0,111,68
Shrikant Mundhe,Nagaland,2007-2022,66,57,14,1051.0,61,24.44,851,123.50,0.0,3.0,3.0,78,41
Shubham Agarwal,Chhattisgarh,2016-2023,35,33,2,763.0,69,24.61,655,116.48,0.0,4.0,2.0,70,21
Shubham Dubey,Vidarbha,2021-2023,20,19,6,485.0,58*,37.3,281,172.59,0.0,1.0,1.0,30,39
Shubham Khajuria,Jammu & Kashmir,2013-2023,41,40,2,969.0,82,25.5,834,116.18,0.0,6.0,2.0,92,23
Shubham Ranjane,Goa,2012-2023,45,40,12,810.0,62,28.92,674,120.17,0.0,3.0,1.0,63,28
Shubham Sharma,Madhya Pradesh,2015-2023,42,38,7,867.0,70,27.96,748,115.90,0.0,5.0,1.0,75,22
Shubman Gill,Punjab,2018-2023,17,17,3,636.0,126,45.42,422,150.71,1.0,4.0,1.0,67,23
Shubranil Dutta,Tripura,2007-2012,22,20,4,307.0,47,19.18,280,109.64,0.0,0.0,1.0,26,8
Shaik Rasheed,Andhra,2021-2024,18,16,6,468,74,46.80,339,138.05,0,4,1,38,18
Siddarth Kaul,Punjab,2007-2023,89,39,18,248.0,27,11.8,213,116.43,0.0,0.0,7.0,18,9
Siddarth Lamba,Punjab,2007-2013,26,24,6,432.0,50,24.0,388,111.34,0.0,1.0,0.0,36,11
Siddarth Trivedi,Gujarat,2007-2015,55,32,14,249.0,34,13.83,218,114.22,0.0,0.0,5.0,18,8
Siddesh Lad,Goa,2013-2023,66,60,12,1445.0,82,30.1,1143,126.42,0.0,9.0,3.0,121,46
Siddhant Sharma,Delhi,2022-2023,8,7,1,10.0,13,1.66,22,45.45,0.0,0.0,3.0,1,0
Siddharth Desai,Gujarat,2018-2022,19,11,5,88.0,29,14.66,66,133.33,0.0,0.0,1.0,7,4
Siddhesh Wath,Vidarbha,2015-2023,32,31,0,662.0,77,21.35,502,131.87,0.0,4.0,3.0,63,28
Sikandar Kumar,Jammu & Kashmir,2007-2007,1,1,0,0.0,0,0.0,1,0.00,0.0,0.0,1.0,0,0
Simarjeet Singh,Delhi,2018-2023,19,11,5,88.0,29,14.66,66,133.33,0.0,0.0,1.0,7,4
Sivanthi Vidyut,Tamil Nadu,2007-2012,28,28,0,634.0,71,22.64,570,111.22,0.0,4.0,1.0,65,11
Sourasish Chakraborty,Tripura,2007-2012,22,20,4,307.0,47,19.18,280,109.64,0.0,0.0,1.0,26,8
Sourav Ganguly,Bengal,2010-2012,17,16,4,339.0,57,28.25,322,105.27,0.0,1.0,0.0,33,8
Sreejit Nair,Kerala,2007-2010,12,11,3,121.0,31,15.12,115,105.21,0.0,0.0,1.0,9,3
Sreesanth,Kerala,2007-2021,20,12,7,58.0,16,11.6,49,118.36,0.0,0.0,2.0,4,3
Sridharan Anirudha,Goa,2007-2016,63,61,5,1622.0,93,28.96,1288,125.93,0.0,10.0,7.0,163,60
Sridharan Sriram,Tamil Nadu,2007-2007,5,5,1,114.0,35,28.5,105,108.57,0.0,0.0,0.0,10,3
Stuart Binny,Nagaland,2007-2019,88,81,20,1641.0,87,26.89,1193,137.55,0.0,5.0,5.0,126,67
Subhranshu Senapati,Odisha,2015-2023,45,42,7,967.0,72,27.62,841,114.98,0.0,6.0,2.0,91,19
Subodh Bhati,Delhi,2015-2023,41,38,8,812.0,72,27.06,681,119.23,0.0,4.0,2.0,72,24
Subramaniam Badrinath,Vidarbha,2007-2016,63,55,17,1337.0,70*,35.18,1118,119.58,0.0,7.0,2.0,113,29
Sudip Chatterjee,Bengal,2014-2023,45,42,7,967.0,72,27.62,841,114.98,0.0,6.0,2.0,91,19
Sudip Gharami,Bengal,2022-2023,11,10,1,241.0,51,26.77,201,119.90,0.0,1.0,0.0,22,7
Sufiyan Shaikh,Mumbai,2015-2018,17,16,2,305.0,43,21.78,269,113.38,0.0,0.0,1.0,25,8
Sujay Sateri,Goa,2022-2023,10,10,0,201.0,47,20.1,160,125.62,0.0,0.0,0.0,18,9
Sujit Yadav,Railways,2018-2020,14,10,4,89.0,24,14.83,71,125.35,0.0,0.0,2.0,7,4
Sumeet Verma,Himachal Pradesh,2015-2023,31,29,7,611.0,51,27.77,488,125.20,0.0,1.0,1.0,51,19
Sumit Ghadigaonkar,Mizoram,2019-2023,20,20,0,471.0,67,23.55,389,121.08,0.0,3.0,1.0,40,16
Sumit Kumar,Haryana,2019-2023,43,36,10,700.0,64*,26.92,492,142.27,0.0,2.0,2.0,47,44
Sumit Kumar Singh,Jharkhand,2016-2023,24,14,7,117.0,39,16.71,85,137.64,0.0,0.0,1.0,7,8
Sumit Narwal,Delhi,2007-2016,42,39,8,812.0,72,26.19,681,119.23,0.0,4.0,2.0,72,24
Sundar Singh,Uttar Pradesh,2007-2007,4,3,1,19.0,12,9.5,18,105.55,0.0,0.0,0.0,1,1
Sunil Joshi,Karnataka,2007-2009,8,7,2,42.0,15,8.4,45,93.33,0.0,0.0,1.0,2,1
Sunny Gupta,Tamil Nadu,2011-2018,28,14,8,57.0,17,9.5,64,89.06,0.0,0.0,3.0,4,1
Sunny Rana,Uttarakhand,2018-2023,19,18,2,388.0,51,24.25,321,120.87,0.0,1.0,1.0,30,16
Sunny Sohal,Haryana,2007-2016,44,41,11,777.0,63,25.9,653,118.98,0.0,3.0,2.0,63,28
Suraj Ahuja,Rajasthan,2019-2023,21,18,7,301.0,43*,27.36,211,142.65,0.0,0.0,1.0,22,18
Suraj Kashyap,Bihar,2021-2023,11,11,1,241.0,48,24.1,211,114.21,0.0,0.0,1.0,22,7
Surendra Singh,Services,2010-2016,28,27,2,551.0,57,22.04,514,107.20,0.0,2.0,2.0,48,11
Suresh Raina,Uttar Pradesh,2007-2021,86,81,17,2537.0,126*,39.64,1799,141.02,1.0,18.0,5.0,210,102
Suryakumar Yadav,Mumbai,2010-2023,86,83,18,2540.0,112*,39.07,1637,155.16,2.0,16.0,6.0,259,122
Suryansh Shedge,Mumbai,2023-2023,10,6,1,70.0,25,14.0,55,127.27,0.0,0.0,0.0,5,4
Sushant Marathe,Mumbai,2010-2016,33,31,7,629.0,54,26.2,551,114.15,0.0,3.0,1.0,56,13
Sushant Singh,Jharkhand,2007-2012,22,20,4,307.0,47,19.18,280,109.64,0.0,0.0,1.0,26,8
Suyash Prabhudessai,Goa,2018-2023,38,35,4,967.0,64,31.19,731,132.28,0.0,5.0,1.0,78,39
Swapnil Asnodkar,Goa,2007-2017,45,44,2,1112.0,96,26.47,941,118.17,0.0,6.0,2.0,115,26
Swapnil Gugale,Maharashtra,2013-2018,21,20,2,471.0,67,26.16,389,121.08,0.0,3.0,1.0,40,16
Swapnil Singh,Uttarakhand,2007-2023,76,66,16,1245.0,63,24.9,1022,121.82,0.0,4.0,4.0,88,46
Syed Abdullah,Hyderabad,2018-2023,34,28,8,485.0,61*,24.25,350,138.57,0.0,2.0,1.0,34,26
Syed Kirmani,Railways,2007-2007,1,1,0,0.0,0,0.0,1,0.00,0.0,0.0,1.0,0,0
Sylvester Dsouza,Mumbai,2023-2023,10,5,1,55.0,22,11.0,55,100.00,0.0,0.0,0.0,4,1
T Sudhindra,Madhya Pradesh,2007-2012,25,12,6,54.0,14,9.0,55,98.18,0.0,0.0,3.0,3,1
Tanmay Agarwal,Hyderabad,2014-2023,60,58,6,1637.0,97,31.48,1223,133.85,0.0,10.0,3.0,156,58
Tanmay Gupta,Rajasthan,2022-2023,8,6,1,15.0,16,3.0,22,68.18,0.0,0.0,2.0,1,0
Tanmay Mishra,Tripura,2007-2016,39,38,2,820.0,71,22.77,758,108.17,0.0,5.0,2.0,78,16
Tanmay Srivastava,Uttarakhand,2018-2022,17,16,2,305.0,43,21.78,269,113.38,0.0,0.0,1.0,25,8
Tanveer Ul-Haq,Rajasthan,2014-2023,38,12,8,39.0,12*,9.75,41,95.12,0.0,0.0,2.0,3,1
Tanveer-ul-Haq,Rajasthan,2014-2023,38,12,8,39.0,12*,9.75,41,95.12,0.0,0.0,2.0,3,1
Taranjitsingh Dhillon,Maharashtra,2021-2023,11,11,1,241.0,48,24.1,211,114.21,0.0,0.0,1.0,22,7
Taruwar Kohli,Mizoram,2009-2023,65,63,5,1603.0,96,27.63,1316,121.80,0.0,13.0,5.0,143,47
Tejas Baroka,Delhi,2017-2022,14,7,3,48.0,16,12.0,38,126.31,0.0,0.0,1.0,3,2
Tilak Varma,Hyderabad,2019-2023,29,28,4,894.0,75,37.25,642,139.25,0.0,7.0,1.0,71,39
Tinu Kundu,Haryana,2018-2023,19,11,5,88.0,29,14.66,66,133.33,0.0,0.0,1.0,7,4
Tinu Yohannan,Kerala,2007-2009,8,7,2,42.0,15,8.4,45,93.33,0.0,0.0,1.0,2,1
Tushar Deshpande,Mumbai,2018-2023,43,17,7,117.0,29,11.7,85,137.64,0.0,0.0,1.0,7,8
Tushar Imran,Tripura,2007-2016,39,38,2,820.0,71,22.77,758,108.17,0.0,5.0,2.0,78,16
Uday Kaul,Chandigarh,2009-2021,48,44,11,940.0,79*,28.48,829,113.38,0.0,5.0,4.0,84,20
Umang Sharma,Uttar Pradesh,2015-2023,40,39,2,969.0,82,26.18,834,116.18,0.0,6.0,2.0,92,23
Umar Nazir Mir,Jammu & Kashmir,2018-2023,19,11,5,88.0,29,14.66,66,133.33,0.0,0.0,1.0,7,4
Umesh Yadav,Vidarbha,2009-2023,90,43,21,411.0,49*,18.68,310,132.58,0.0,0.0,6.0,27,21
Unmukt Chand,Delhi,2011-2019,51,50,5,1341.0,81,29.8,1111,120.70,0.0,9.0,3.0,111,45
Upendra Yadav,Uttar Pradesh,2016-2023,41,38,8,812.0,72,27.06,681,119.23,0.0,4.0,2.0,72,24
Utkarsh Singh,Jharkhand,2018-2023,34,32,3,699.0,70,24.1,614,113.84,0.0,4.0,1.0,63,16
VRV Singh,Punjab,2007-2014,14,12,5,83.0,23,11.85,74,112.16,0.0,0.0,1.0,7,4
VVS Laxman,Hyderabad,2007-2013,26,25,5,472.0,57,23.6,446,105.83,0.0,2.0,1.0,42,10
Vaibhav Arora,Himachal Pradesh,2021-2023,19,11,5,88.0,29,14.66,66,133.33,0.0,0.0,1.0,7,4
Vaibhav Kandpal,Delhi,2018-2022,17,16,2,305.0,43,21.78,269,113.38,0.0,0.0,1.0,25,8
Vaibhav Mali,Maharashtra,2007-2007,1,1,0,1.0,1,1.0,2,50.00,0.0,0.0,0.0,0,0
Vaibhav Rawal,Delhi,2011-2023,45,40,12,810.0,62,28.92,674,120.17,0.0,3.0,1.0,63,28
Vaisakh Chandran,Kerala,2022-2023,11,7,2,59.0,26,11.8,48,122.91,0.0,0.0,0.0,5,2
Vamshi Krishna,Andhra,2022-2023,10,10,0,201.0,47,20.1,160,125.62,0.0,0.0,0.0,18,9
Varun Aaron,Jharkhand,2007-2021,29,15,8,71.0,21*,10.14,64,110.93,0.0,0.0,3.0,4,4
Varun Chakravarthy,Tamil Nadu,2020-2023,21,7,3,48.0,16,12.0,38,126.31,0.0,0.0,1.0,3,2
Varun Lavande,Goa,2018-2023,21,20,1,419.0,65,22.05,361,116.06,0.0,2.0,1.0,38,11
Varun Sood,Delhi,2015-2018,17,16,2,305.0,43,21.78,269,113.38,0.0,0.0,1.0,25,8
Vasu Vats,Delhi,2022-2023,11,7,2,59.0,26,11.8,48,122.91,0.0,0.0,0.0,5,2
Vathsal Govind,Kerala,2021-2023,18,11,4,89.0,24,12.71,71,125.35,0.0,0.0,2.0,7,4
Veer Pratap Singh,Bengal,2011-2018,28,14,8,57.0,17,9.5,56,101.78,0.0,0.0,3.0,3,2
Venkatesh Iyer,Madhya Pradesh,2015-2023,54,52,9,1387.0,88,32.25,1022,135.71,0.0,8.0,3.0,111,59
Venkatesh Muralidhara,Railways,2016-2020,19,17,4,260.0,49,20.0,229,113.53,0.0,0.0,1.0,20,7
Venugopal Rao,Gujarat,2007-2018,65,61,11,1435.0,83,28.7,1218,117.81,0.0,8.0,3.0,111,45
Vibhor Yadav,Railways,2009-2015,19,16,6,151.0,33,15.1,138,109.42,0.0,0.0,1.0,10,4
Vicky Bhardwaj,Himachal Pradesh,2007-2013,26,24,6,432.0,50,24.0,388,111.34,0.0,1.0,0.0,36,11
Vicky Ostwal,Maharashtra,2022-2023,11,7,2,59.0,26,11.8,48,122.91,0.0,0.0,0.0,5,2
Vidwath Kaverappa,Karnataka,2022-2023,18,7,3,48.0,16,12.0,38,126.31,0.0,0.0,1.0,3,2
Vidyadhar Kamat,Goa,2007-2013,29,27,3,564.0,57,23.5,511,110.37,0.0,2.0,1.0,52,13
Vidyut Mahesh,Tamil Nadu,2007-2007,4,4,0,36.0,16,9.0,32,112.50,0.0,0.0,0.0,3,1
Vignesh Dakshinamurthy,Hyderabad,2018-2023,34,28,8,485.0,61*,24.25,350,138.57,0.0,2.0,1.0,34,26
Vigneshwaran G,Puducherry,2018-2023,29,26,7,432.0,50,22.73,361,119.66,0.0,1.0,1.0,35,14
Vijay Kumar,Jharkhand,2016-2023,24,14,7,117.0,39,16.71,85,137.64,0.0,0.0,1.0,7,8
Vijay Shankar,Tamil Nadu,2014-2023,75,64,22,1435.0,92*,34.16,1104,129.98,0.0,7.0,2.0,99,57
Vijay Yadav,Railways,2009-2015,19,16,6,151.0,33,15.1,138,109.42,0.0,0.0,1.0,10,4
Vijay Zol,Maharashtra,2013-2018,21,20,2,471.0,67,26.16,389,121.08,0.0,3.0,1.0,40,16
Vikas Hathwala,Services,2023-2023,7,4,0,18.0,9,4.5,44,40.90,0.0,0.0,2.0,2,0
Vikas Kumar,Bihar,2018-2023,28,28,2,699.0,61,26.88,614,113.84,0.0,4.0,1.0,63,16
Vikas Mishra,Delhi,2011-2018,28,14,8,57.0,17,9.5,56,101.78,0.0,0.0,3.0,3,2
Vikas Singh,Jharkhand,2016-2023,24,14,7,117.0,39,16.71,85,137.64,0.0,0.0,1.0,7,8
Vikash Singh,Jharkhand,2016-2023,24,14,7,117.0,39,16.71,85,137.64,0.0,0.0,1.0,7,8
Vikash Yadav,Bihar,2023-2023,5,5,0,27.0,8,5.4,44,61.36,0.0,0.0,1.0,2,0
Vikram Aditya,Hyderabad,2007-2010,12,11,3,121.0,31,15.12,115,105.21,0.0,0.0,1.0,9,3
Vikram Rathour,Himachal Pradesh,2007-2007,4,4,1,41.0,21,13.66,38,107.89,0.0,0.0,0.0,3,1
Vikram Solanki,Rajasthan,2007-2013,26,25,5,472.0,57,23.6,446,105.83,0.0,2.0,1.0,42,10
Vikramjeet Malik,Himachal Pradesh,2007-2016,42,29,14,244.0,37,16.26,209,116.74,0.0,0.0,3.0,19,7
Vikramjeet Singh,Services,2010-2016,28,27,2,551.0,57,22.04,514,107.20,0.0,2.0,2.0,48,11
Vikrant Keni,Mumbai,2010-2016,33,31,7,629.0,54,26.2,551,114.15,0.0,3.0,1.0,56,13
Vikrant Rajput,Chhattisgarh,2016-2021,21,20,2,471.0,67,26.16,389,121.08,0.0,3.0,1.0,40,16
Vinay Kumar,Puducherry,2007-2019,71,48,19,611.0,48,21.06,474,128.90,0.0,0.0,4.0,43,28
Vineet Saxena,Rajasthan,2007-2016,42,39,8,812.0,72,26.19,681,119.23,0.0,4.0,2.0,72,24
Vinit Indulkar,Mumbai,2007-2013,26,25,5,472.0,57,23.6,446,105.83,0.0,2.0,1.0,42,10
Vinod Kumar,Puducherry,2007-2019,69,61,16,1104.0,65,24.53,912,121.05,0.0,4.0,3.0,79,42
Vinod Tiwari,Rajasthan,2011-2018,28,14,8,57.0,17,9.5,56,101.78,0.0,0.0,3.0,3,2
Vipin Sharma,Himachal Pradesh,2018-2022,17,16,2,305.0,43,21.78,269,113.38,0.0,0.0,1.0,25,8
Vipin Singh,Bihar,2018-2023,28,28,2,699.0,61,26.88,614,113.84,0.0,4.0,1.0,63,16
Virag Awate,Maharashtra,2015-2018,17,16,2,305.0,43,21.78,269,113.38,0.0,0.0,1.0,25,8
Viral Shah,Gujarat,2007-2013,25,22,6,334.0,48,20.87,298,112.08,0.0,0.0,1.0,28,8
Virat Kohli,Delhi,2007-2019,50,49,10,1523.0,90*,39.05,1121,135.86,0.0,12.0,1.0,164,40
Virat Singh,Jharkhand,2014-2023,61,58,9,1641.0,81,33.48,1288,127.40,0.0,11.0,3.0,135,61
Virender Sehwag,Haryana,2007-2015,26,26,1,724.0,82,28.96,448,161.60,0.0,5.0,2.0,91,26
Vishal Dabholkar,Mumbai,2011-2016,29,13,8,48.0,15,9.6,54,88.88,0.0,0.0,3.0,2,1
Vishal Kushwah,Madhya Pradesh,2016-2016,7,5,1,34.0,15,8.5,33,103.03,0.0,0.0,1.0,2,1
Vishal Rana,Delhi,2018-2022,17,16,2,305.0,43,21.78,269,113.38,0.0,0.0,1.0,25,8
Vishal Sharma,Himachal Pradesh,2007-2013,26,24,6,432.0,50,24.0,388,111.34,0.0,1.0,0.0,36,11
Vishnu Solanki,Baroda,2013-2023,54,49,11,1202.0,75*,31.63,972,123.66,0.0,5.0,1.0,92,38
Vishnu Vinod,Kerala,2014-2023,51,47,6,1336.0,71,32.58,1001,133.46,0.0,7.0,2.0,98,61
Vishwajit Singh,Services,2010-2016,28,27,2,551.0,57,22.04,514,107.20,0.0,2.0,2.0,48,11
Vishwanath Singh,Jharkhand,2023-2023,8,7,1,128.0,45,21.33,105,121.90,0.0,0.0,0.0,12,4
Vivek Kumar,Jharkhand,2018-2023,19,18,2,388.0,51,24.25,321,120.87,0.0,1.0,1.0,30,16
Vivek Singh,Bengal,2015-2023,41,40,4,904.0,100*,25.11,718,125.90,1.0,5.0,2.0,91,29
Vivrant Sharma,Jammu & Kashmir,2021-2023,19,18,2,519.0,63,32.43,388,133.76,0.0,4.0,1.0,48,19
Washington Sundar,Tamil Nadu,2017-2023,50,42,12,683.0,77,22.76,547,124.86,0.0,3.0,1.0,58,26
Wasim Jaffer,Vidarbha,2007-2020,53,52,5,1240.0,106*,26.38,1035,119.80,0.0,6.0,3.0,109,41
Wasiqur Rahman,Assam,2013-2023,38,35,7,780.0,76,27.85,642,121.49,0.0,4.0,2.0,61,30
Wriddhiman Saha,Tripura,2007-2023,74,65,18,1716.0,129,36.51,1296,132.40,1.0,11.0,4.0,159,62
Writtick Chatterjee,Bengal,2014-2023,43,36,10,683.0,72*,26.26,590,115.76,0.0,3.0,1.0,51,20
Writtick Saha,Bengal,2018-2022,17,16,2,305.0,43,21.78,269,113.38,0.0,0.0,1.0,25,8
Yajuvendra Singh,Services,2010-2016,28,27,2,551.0,57,22.04,514,107.20,0.0,2.0,2.0,48,11
Yash Dayal,Uttar Pradesh,2019-2023,35,11,8,44.0,15,14.66,35,125.71,0.0,0.0,1.0,3,2
Yash Dubey,Madhya Pradesh,2019-2023,24,23,1,569.0,61,25.86,489,116.36,0.0,3.0,1.0,53,14
Yash Kothari,Rajasthan,2019-2023,20,20,0,471.0,67,23.55,389,121.08,0.0,3.0,1.0,40,16
Yash Nahar,Maharashtra,2021-2023,22,22,1,551.0,81,26.23,446,123.54,0.0,3.0,1.0,56,19
Yashan Kumar,Jammu & Kashmir,2013-2016,17,17,0,303.0,51,17.82,281,107.82,0.0,1.0,1.0,28,8
Yashasvi Jaiswal,Mumbai,2019-2023,22,22,2,759.0,68,37.95,543,139.77,0.0,6.0,1.0,85,31
Yashin Merchant,Mumbai,2007-2007,1,1,0,6.0,6,6.0,8,75.00,0.0,0.0,0.0,0,0
Yashovardhan Singh,Uttar Pradesh,2021-2023,11,11,1,241.0,48,24.1,211,114.21,0.0,0.0,1.0,22,7
Yashpal Singh,Manipur,2007-2018,52,48,11,1186.0,90*,32.05,1022,116.04,0.0,6.0,1.0,100,33
Yashu Sharma,Haryana,2023-2023,8,8,0,70.0,22,8.75,87,80.45,0.0,0.0,1.0,6,2
Yogesh Golwalkar,Madhya Pradesh,2007-2015,31,27,9,410.0,50,22.77,358,114.52,0.0,1.0,1.0,32,11
Yogesh Kumar,Services,2010-2016,28,27,2,551.0,57,22.04,514,107.20,0.0,2.0,2.0,48,11
Yogesh Nagar,Delhi,2009-2016,49,44,13,912.0,70*,29.41,757,120.47,0.0,5.0,2.0,63,38
Yogesh Takawale,Tripura,2007-2018,72,70,5,1699.0,111*,26.13,1399,121.44,1.0,10.0,7.0,178,44
Yomahesh,Tamil Nadu,2007-2018,41,29,10,432.0,52*,22.73,306,141.17,0.0,1.0,1.0,30,22
Yudhvir Singh,Jammu & Kashmir,2021-2023,18,11,4,89.0,24,12.71,71,125.35,0.0,0.0,2.0,7,4
Yusuf Pathan,Jammu & Kashmir,2007-2019,77,71,17,1843.0,87,34.12,1285,143.42,0.0,8.0,4.0,129,101
Yuvraj Singh,Punjab,2011-2019,34,34,5,991.0,80*,34.17,698,141.97,0.0,8.0,2.0,77,59
Yuzvendra Chahal,Haryana,2010-2023,89,39,18,248.0,27,11.8,213,116.43,0.0,0.0,7.0,18,9
Zeeshan Ansari,Uttar Pradesh,2018-2020,13,9,3,76.0,22,12.66,66,115.15,0.0,0.0,1.0,5,3
